Workbook

Sheet ADCL Codes Updated
A1: S.No | B1: Project | C1: Nature of work | D1: Department | E1: Indent Date | F1: Role | G1: Total Req | H1: Required By Date | I1: Interview Panel | J1: HR SPOC | K1: Job ID | M1: Level | N1: Interview Pipeline | O1: Second Level Interviews | P1: Offer Negotiation in Process | Q1: Offer Released | R1: Joined | S1: Interview Rejected | T1: Candidate Not Interested | U1: Total Sourcing | V1: Open | W1: Exp Offer Release & further stages Count | X1: Exp Salary Negotiation & Further stages | Y1: Exp Interview Pipeline Count | Z1: Pending Offer Released & further | AA1: Pending Salary Negotiation & Further | AB1: Pending Interview Pipeline & further | AC1: Target Date to close all offers | AD1: Target Date to complete interviews | AE1: Target Date to complete sourcing | AF1: Weeks Remaining to complete offers | AG1: Weeks Remaining to complete interviews | AH1: Weeks Remaining to complete sourcing | AI1: Exp Joinings in Apr 1st Wk | AJ1: Exp Joinings in Apr 2nd Wk | AK1: Exp Joinings in Apr 3rd Wk | AL1: Exp Joinings in Apr 4th Wk | AM1: Exp Joinings in May 1st Wk
A2: =ROW()-1 -> 1 | B2: ADCL | C2: General | E2: 45745 | F2: VP/AVP/SGM | G2: 2 | H2: 45777 | I2: Mr. Raghu Rama Raju | J2: Mr. Ravindra Varma | K2: ANY-113 | L2: ADCL-01 | M2: APM & Above | N2: =COUNTIFS('Profiles Tracker'!E:E,#REF!,'Profiles Tracker'!G:G,"Profile shared with Interviewer") -> 0 | O2: =COUNTIFS('Profiles Tracker'!E:E,#REF!,'Profiles Tracker'!G:G,"Shortlisted for next round of interview") -> 0 | P2: =COUNTIFS('Profiles Tracker'!E:E,#REF!,'Profiles Tracker'!G:G,P$1) -> 0 | Q2: =COUNTIFS('Profiles Tracker'!E:E,#REF!,'Profiles Tracker'!G:G,Q$1) -> 0 | R2: =COUNTIFS('Profiles Tracker'!E:E,#REF!,'Profiles Tracker'!G:G,R$1) -> 0 | S2: =COUNTIFS('Profiles Tracker'!E:E,#REF!,'Profiles Tracker'!G:G,"Interview Done",'Profiles Tracker'!O:O,"Rejected") -> 0 | T2: =COUNTIFS('Profiles Tracker'!E:E,#REF!,'Profiles Tracker'!G:G,T$1) -> 0 | U2: =N2+P2+Q2+R2+S2+T2 -> 0 | V2: =IF((G2-R2-Q2)<1,0,G2-R2-Q2) -> 2 | W2: =FLOOR(G2,1) -> 2 | X2: =FLOOR(W2,1) -> 2 | Y2: =X2*3 -> 6 | Z2: =IF(W2-SUM(Q2:R2)<1,0,W2-SUM(Q2:R2)) -> 2 | AA2: =IF(X2-SUM(P2:R2)<1,0,X2-SUM(P2:R2)) -> 2 | AB2: =IF(AA2*3-N2<1,0,AA2*3-N2) -> 6 | AC2: =IF(M2="APM Below",H2-45,IF(M2="APM & Above", H2-60,H2-90)) -> 45717 | AD2: =IFERROR(AC2-5,"NA") -> 45712 | AE2: =IFERROR(AD2-7,"NA") -> 45705 | AF2: =CEILING((AC2-TODAY())/7,1) -> -56 | AG2: =CEILING((AD2-TODAY())/7,1) -> -57 | AH2: =CEILING((AE2-TODAY())/7,1) -> -58 | AI2: =COUNTIFS('Profiles Tracker'!E:E,#REF!,'Profiles Tracker'!G:G,Q$1,'Profiles Tracker'!#REF!,"Week 14") -> #REF! | AJ2: =COUNTIFS('Profiles Tracker'!E:E,#REF!,'Profiles Tracker'!G:G,Q$1,'Profiles Tracker'!#REF!,"Week 15") -> #REF! | AK2: =COUNTIFS('Profiles Tracker'!E:E,#REF!,'Profiles Tracker'!G:G,Q$1,'Profiles Tracker'!#REF!,"Week 16") -> #REF! | AL2: =COUNTIFS('Profiles Tracker'!E:E,#REF!,'Profiles Tracker'!G:G,Q$1,'Profiles Tracker'!#REF!,"Week 17") -> #REF! | AM2: =COUNTIFS('Profiles Tracker'!E:E,#REF!,'Profiles Tracker'!G:G,Q$1,'Profiles Tracker'!#REF!,"Week 18") -> #REF!
A3: =ROW()-1 -> 2 | B3: ADCL | C3: General | E3: 45668 | F3: General Manager | G3: 1 | H3: 45716 | I3: Mr. Raghu Rama Raju | J3: Mr. Ravindra Varma | K3: ANY-01 | L3: ADCL-02 | M3: APM & Above | N3: =COUNTIFS('Profiles Tracker'!E:E,#REF!,'Profiles Tracker'!G:G,"Profile shared with Interviewer") -> 0 | O3: =COUNTIFS('Profiles Tracker'!E:E,#REF!,'Profiles Tracker'!G:G,"Shortlisted for next round of interview") -> 0 | P3: =COUNTIFS('Profiles Tracker'!E:E,#REF!,'Profiles Tracker'!G:G,P$1) -> 0 | Q3: =COUNTIFS('Profiles Tracker'!E:E,#REF!,'Profiles Tracker'!G:G,Q$1) -> 0 | R3: =COUNTIFS('Profiles Tracker'!E:E,#REF!,'Profiles Tracker'!G:G,R$1) -> 0 | S3: =COUNTIFS('Profiles Tracker'!E:E,#REF!,'Profiles Tracker'!G:G,"Interview Done",'Profiles Tracker'!O:O,"Rejected") -> 0 | T3: =COUNTIFS('Profiles Tracker'!E:E,#REF!,'Profiles Tracker'!G:G,T$1) -> 0 | U3: =N3+P3+Q3+R3+S3+T3 -> 0 | V3: =IF((G3-R3-Q3)<1,0,G3-R3-Q3) -> 1 | W3: =FLOOR(G3,1) -> 1 | X3: =FLOOR(W3,1) -> 1 | Y3: =X3*3 -> 3 | Z3: =IF(W3-SUM(Q3:R3)<1,0,W3-SUM(Q3:R3)) -> 1 | AA3: =IF(X3-SUM(P3:R3)<1,0,X3-SUM(P3:R3)) -> 1 | AB3: =IF(AA3*3-N3<1,0,AA3*3-N3) -> 3 | AC3: =IF(M3="APM Below",H3-45,IF(M3="APM & Above", H3-60,H3-90)) -> 45656 | AD3: =IFERROR(AC3-5,"NA") -> 45651 | AE3: =IFERROR(AD3-7,"NA") -> 45644 | AF3: =CEILING((AC3-TODAY())/7,1) -> -65 | AG3: =CEILING((AD3-TODAY())/7,1) -> -66 | AH3: =CEILING((AE3-TODAY())/7,1) -> -67 | AI3: =COUNTIFS('Profiles Tracker'!E:E,#REF!,'Profiles Tracker'!G:G,Q$1,'Profiles Tracker'!#REF!,"Week 14") -> #REF! | AJ3: =COUNTIFS('Profiles Tracker'!E:E,#REF!,'Profiles Tracker'!G:G,Q$1,'Profiles Tracker'!#REF!,"Week 15") -> #REF! | AK3: =COUNTIFS('Profiles Tracker'!E:E,#REF!,'Profiles Tracker'!G:G,Q$1,'Profiles Tracker'!#REF!,"Week 16") -> #REF! | AL3: =COUNTIFS('Profiles Tracker'!E:E,#REF!,'Profiles Tracker'!G:G,Q$1,'Profiles Tracker'!#REF!,"Week 17") -> #REF! | AM3: =COUNTIFS('Profiles Tracker'!E:E,#REF!,'Profiles Tracker'!G:G,Q$1,'Profiles Tracker'!#REF!,"Week 18") -> #REF!
A4: =ROW()-1 -> 3 | B4: ADCL | C4: Roads | E4: 45668 | F4: PM ( Structures & Roads ) | G4: 9 | H4: 45716 | I4: Mr. Raghu Rama Raju | J4: Mr. Ravindra Varma | K4: ANY-02 | L4: ADCL-03 | M4: APM & Above | N4: =COUNTIFS('Profiles Tracker'!E:E,#REF!,'Profiles Tracker'!G:G,"Profile shared with Interviewer") -> 0 | O4: =COUNTIFS('Profiles Tracker'!E:E,#REF!,'Profiles Tracker'!G:G,"Shortlisted for next round of interview") -> 0 | P4: =COUNTIFS('Profiles Tracker'!E:E,#REF!,'Profiles Tracker'!G:G,P$1) -> 0 | Q4: =COUNTIFS('Profiles Tracker'!E:E,#REF!,'Profiles Tracker'!G:G,Q$1) -> 0 | R4: =COUNTIFS('Profiles Tracker'!E:E,#REF!,'Profiles Tracker'!G:G,R$1) -> 0 | S4: =COUNTIFS('Profiles Tracker'!E:E,#REF!,'Profiles Tracker'!G:G,"Interview Done",'Profiles Tracker'!O:O,"Rejected") -> 0 | T4: =COUNTIFS('Profiles Tracker'!E:E,#REF!,'Profiles Tracker'!G:G,T$1) -> 0 | U4: =N4+P4+Q4+R4+S4+T4 -> 0 | V4: =IF((G4-R4-Q4)<1,0,G4-R4-Q4) -> 9 | W4: =FLOOR(G4,1) -> 9 | X4: =FLOOR(W4,1) -> 9 | Y4: =X4*3 -> 27 | Z4: =IF(W4-SUM(Q4:R4)<1,0,W4-SUM(Q4:R4)) -> 9 | AA4: =IF(X4-SUM(P4:R4)<1,0,X4-SUM(P4:R4)) -> 9 | AB4: =IF(AA4*3-N4<1,0,AA4*3-N4) -> 27 | AC4: =IF(M4="APM Below",H4-45,IF(M4="APM & Above", H4-60,H4-90)) -> 45656 | AD4: =IFERROR(AC4-5,"NA") -> 45651 | AE4: =IFERROR(AD4-7,"NA") -> 45644 | AF4: =CEILING((AC4-TODAY())/7,1) -> -65 | AG4: =CEILING((AD4-TODAY())/7,1) -> -66 | AH4: =CEILING((AE4-TODAY())/7,1) -> -67 | AI4: =COUNTIFS('Profiles Tracker'!E:E,#REF!,'Profiles Tracker'!G:G,Q$1,'Profiles Tracker'!#REF!,"Week 14") -> #REF! | AJ4: =COUNTIFS('Profiles Tracker'!E:E,#REF!,'Profiles Tracker'!G:G,Q$1,'Profiles Tracker'!#REF!,"Week 15") -> #REF! | AK4: =COUNTIFS('Profiles Tracker'!E:E,#REF!,'Profiles Tracker'!G:G,Q$1,'Profiles Tracker'!#REF!,"Week 16") -> #REF! | AL4: =COUNTIFS('Profiles Tracker'!E:E,#REF!,'Profiles Tracker'!G:G,Q$1,'Profiles Tracker'!#REF!,"Week 17") -> #REF! | AM4: =COUNTIFS('Profiles Tracker'!E:E,#REF!,'Profiles Tracker'!G:G,Q$1,'Profiles Tracker'!#REF!,"Week 18") -> #REF!
A5: =ROW()-1 -> 4 | B5: ADCL | C5: Structures | E5: 45668 | F5: DPM Structures | G5: 11 | H5: 45716 | I5: Mr. Raghu Rama Raju | J5: Mr. Ravindra Varma | K5: ANY-03 | L5: ADCL-04 | M5: APM & Above | N5: =COUNTIFS('Profiles Tracker'!E:E,#REF!,'Profiles Tracker'!G:G,"Profile shared with Interviewer") -> 0 | O5: =COUNTIFS('Profiles Tracker'!E:E,#REF!,'Profiles Tracker'!G:G,"Shortlisted for next round of interview") -> 0 | P5: =COUNTIFS('Profiles Tracker'!E:E,#REF!,'Profiles Tracker'!G:G,P$1) -> 0 | Q5: =COUNTIFS('Profiles Tracker'!E:E,#REF!,'Profiles Tracker'!G:G,Q$1) -> 0 | R5: =COUNTIFS('Profiles Tracker'!E:E,#REF!,'Profiles Tracker'!G:G,R$1) -> 0 | S5: =COUNTIFS('Profiles Tracker'!E:E,#REF!,'Profiles Tracker'!G:G,"Interview Done",'Profiles Tracker'!O:O,"Rejected") -> 0 | T5: =COUNTIFS('Profiles Tracker'!E:E,#REF!,'Profiles Tracker'!G:G,T$1) -> 0 | U5: =N5+P5+Q5+R5+S5+T5 -> 0 | V5: =IF((G5-R5-Q5)<1,0,G5-R5-Q5) -> 11 | W5: =FLOOR(G5,1) -> 11 | X5: =FLOOR(W5,1) -> 11 | Y5: =X5*3 -> 33 | Z5: =IF(W5-SUM(Q5:R5)<1,0,W5-SUM(Q5:R5)) -> 11 | AA5: =IF(X5-SUM(P5:R5)<1,0,X5-SUM(P5:R5)) -> 11 | AB5: =IF(AA5*3-N5<1,0,AA5*3-N5) -> 33 | AC5: =IF(M5="APM Below",H5-45,IF(M5="APM & Above", H5-60,H5-90)) -> 45656 | AD5: =IFERROR(AC5-5,"NA") -> 45651 | AE5: =IFERROR(AD5-7,"NA") -> 45644 | AF5: =CEILING((AC5-TODAY())/7,1) -> -65 | AG5: =CEILING((AD5-TODAY())/7,1) -> -66 | AH5: =CEILING((AE5-TODAY())/7,1) -> -67 | AI5: =COUNTIFS('Profiles Tracker'!E:E,#REF!,'Profiles Tracker'!G:G,Q$1,'Profiles Tracker'!#REF!,"Week 14") -> #REF! | AJ5: =COUNTIFS('Profiles Tracker'!E:E,#REF!,'Profiles Tracker'!G:G,Q$1,'Profiles Tracker'!#REF!,"Week 15") -> #REF! | AK5: =COUNTIFS('Profiles Tracker'!E:E,#REF!,'Profiles Tracker'!G:G,Q$1,'Profiles Tracker'!#REF!,"Week 16") -> #REF! | AL5: =COUNTIFS('Profiles Tracker'!E:E,#REF!,'Profiles Tracker'!G:G,Q$1,'Profiles Tracker'!#REF!,"Week 17") -> #REF! | AM5: =COUNTIFS('Profiles Tracker'!E:E,#REF!,'Profiles Tracker'!G:G,Q$1,'Profiles Tracker'!#REF!,"Week 18") -> #REF!
A6: =ROW()-1 -> 5 | B6: ADCL | C6: Roads | E6: 45668 | F6: DPM Roads | G6: 13 | H6: 45716 | I6: Mr. Raghu Rama Raju | J6: Mr. Ravindra Varma | K6: ANY-04 | L6: ADCL-05 | M6: APM & Above | N6: =COUNTIFS('Profiles Tracker'!E:E,#REF!,'Profiles Tracker'!G:G,"Profile shared with Interviewer") -> 0 | O6: =COUNTIFS('Profiles Tracker'!E:E,#REF!,'Profiles Tracker'!G:G,"Shortlisted for next round of interview") -> 0 | P6: =COUNTIFS('Profiles Tracker'!E:E,#REF!,'Profiles Tracker'!G:G,P$1) -> 0 | Q6: =COUNTIFS('Profiles Tracker'!E:E,#REF!,'Profiles Tracker'!G:G,Q$1) -> 0 | R6: =COUNTIFS('Profiles Tracker'!E:E,#REF!,'Profiles Tracker'!G:G,R$1) -> 0 | S6: =COUNTIFS('Profiles Tracker'!E:E,#REF!,'Profiles Tracker'!G:G,"Interview Done",'Profiles Tracker'!O:O,"Rejected") -> 0 | T6: =COUNTIFS('Profiles Tracker'!E:E,#REF!,'Profiles Tracker'!G:G,T$1) -> 0 | U6: =N6+P6+Q6+R6+S6+T6 -> 0 | V6: =IF((G6-R6-Q6)<1,0,G6-R6-Q6) -> 13 | W6: =FLOOR(G6,1) -> 13 | X6: =FLOOR(W6,1) -> 13 | Y6: =X6*3 -> 39 | Z6: =IF(W6-SUM(Q6:R6)<1,0,W6-SUM(Q6:R6)) -> 13 | AA6: =IF(X6-SUM(P6:R6)<1,0,X6-SUM(P6:R6)) -> 13 | AB6: =IF(AA6*3-N6<1,0,AA6*3-N6) -> 39 | AC6: =IF(M6="APM Below",H6-45,IF(M6="APM & Above", H6-60,H6-90)) -> 45656 | AD6: =IFERROR(AC6-5,"NA") -> 45651 | AE6: =IFERROR(AD6-7,"NA") -> 45644 | AF6: =CEILING((AC6-TODAY())/7,1) -> -65 | AG6: =CEILING((AD6-TODAY())/7,1) -> -66 | AH6: =CEILING((AE6-TODAY())/7,1) -> -67 | AI6: =COUNTIFS('Profiles Tracker'!E:E,#REF!,'Profiles Tracker'!G:G,Q$1,'Profiles Tracker'!#REF!,"Week 14") -> #REF! | AJ6: =COUNTIFS('Profiles Tracker'!E:E,#REF!,'Profiles Tracker'!G:G,Q$1,'Profiles Tracker'!#REF!,"Week 15") -> #REF! | AK6: =COUNTIFS('Profiles Tracker'!E:E,#REF!,'Profiles Tracker'!G:G,Q$1,'Profiles Tracker'!#REF!,"Week 16") -> #REF! | AL6: =COUNTIFS('Profiles Tracker'!E:E,#REF!,'Profiles Tracker'!G:G,Q$1,'Profiles Tracker'!#REF!,"Week 17") -> #REF! | AM6: =COUNTIFS('Profiles Tracker'!E:E,#REF!,'Profiles Tracker'!G:G,Q$1,'Profiles Tracker'!#REF!,"Week 18") -> #REF!
A7: =ROW()-1 -> 6 | B7: ADCL | C7: Earthwork | E7: 45668 | F7: DPM Earthwork | G7: 1 | H7: 45716 | I7: Mr. Raghu Rama Raju | J7: Mr. Ravindra Varma | K7: - | L7: ADCL-06 | M7: APM & Above
A8: =ROW()-1 -> 7 | B8: ADCL | C8: Structures | E8: 45668 | F8: Sr.Engineer (Structures ) | G8: 14 | H8: 45716 | I8: Mr. Radha Krishna (Consultant) | J8: Mr. Ravindra Varma | K8: ANY-05 | L8: ADCL-07 | M8: APM Below | N8: =COUNTIFS('Profiles Tracker'!E:E,#REF!,'Profiles Tracker'!G:G,"Profile shared with Interviewer") -> 0 | O8: =COUNTIFS('Profiles Tracker'!E:E,#REF!,'Profiles Tracker'!G:G,"Shortlisted for next round of interview") -> 0 | P8: =COUNTIFS('Profiles Tracker'!E:E,#REF!,'Profiles Tracker'!G:G,P$1) -> 0 | Q8: =COUNTIFS('Profiles Tracker'!E:E,#REF!,'Profiles Tracker'!G:G,Q$1) -> 0 | R8: =COUNTIFS('Profiles Tracker'!E:E,#REF!,'Profiles Tracker'!G:G,R$1) -> 0 | S8: =COUNTIFS('Profiles Tracker'!E:E,#REF!,'Profiles Tracker'!G:G,"Interview Done",'Profiles Tracker'!O:O,"Rejected") -> 0 | T8: =COUNTIFS('Profiles Tracker'!E:E,#REF!,'Profiles Tracker'!G:G,T$1) -> 0 | U8: =N8+P8+Q8+R8+S8+T8 -> 0 | V8: =IF((G8-R8-Q8)<1,0,G8-R8-Q8) -> 14 | W8: =FLOOR(G8,1) -> 14 | X8: =FLOOR(W8,1) -> 14 | Y8: =X8*3 -> 42 | Z8: =IF(W8-SUM(Q8:R8)<1,0,W8-SUM(Q8:R8)) -> 14 | AA8: =IF(X8-SUM(P8:R8)<1,0,X8-SUM(P8:R8)) -> 14 | AB8: =IF(AA8*3-N8<1,0,AA8*3-N8) -> 42 | AC8: =IF(M8="APM Below",H8-45,IF(M8="APM & Above", H8-60,H8-90)) -> 45671 | AD8: =IFERROR(AC8-5,"NA") -> 45666 | AE8: =IFERROR(AD8-7,"NA") -> 45659 | AF8: =CEILING((AC8-TODAY())/7,1) -> -63 | AG8: =CEILING((AD8-TODAY())/7,1) -> -64 | AH8: =CEILING((AE8-TODAY())/7,1) -> -65 | AI8: =COUNTIFS('Profiles Tracker'!E:E,#REF!,'Profiles Tracker'!G:G,Q$1,'Profiles Tracker'!#REF!,"Week 14") -> #REF! | AJ8: =COUNTIFS('Profiles Tracker'!E:E,#REF!,'Profiles Tracker'!G:G,Q$1,'Profiles Tracker'!#REF!,"Week 15") -> #REF! | AK8: =COUNTIFS('Profiles Tracker'!E:E,#REF!,'Profiles Tracker'!G:G,Q$1,'Profiles Tracker'!#REF!,"Week 16") -> #REF! | AL8: =COUNTIFS('Profiles Tracker'!E:E,#REF!,'Profiles Tracker'!G:G,Q$1,'Profiles Tracker'!#REF!,"Week 17") -> #REF! | AM8: =COUNTIFS('Profiles Tracker'!E:E,#REF!,'Profiles Tracker'!G:G,Q$1,'Profiles Tracker'!#REF!,"Week 18") -> #REF!
A9: =ROW()-1 -> 8 | B9: ADCL | C9: Roads | E9: 45668 | F9: Sr.Engineer ( Roads & Miscellaneous ) | G9: 26 | H9: 45716 | I9: Mr. Varaprasad (Consultant) | J9: Mr. Ravindra Varma | K9: ANY-06 | L9: ADCL-08 | M9: APM Below | N9: =COUNTIFS('Profiles Tracker'!E:E,#REF!,'Profiles Tracker'!G:G,"Profile shared with Interviewer") -> 0 | O9: =COUNTIFS('Profiles Tracker'!E:E,#REF!,'Profiles Tracker'!G:G,"Shortlisted for next round of interview") -> 0 | P9: =COUNTIFS('Profiles Tracker'!E:E,#REF!,'Profiles Tracker'!G:G,P$1) -> 0 | Q9: =COUNTIFS('Profiles Tracker'!E:E,#REF!,'Profiles Tracker'!G:G,Q$1) -> 0 | R9: =COUNTIFS('Profiles Tracker'!E:E,#REF!,'Profiles Tracker'!G:G,R$1) -> 0 | S9: =COUNTIFS('Profiles Tracker'!E:E,#REF!,'Profiles Tracker'!G:G,"Interview Done",'Profiles Tracker'!O:O,"Rejected") -> 0 | T9: =COUNTIFS('Profiles Tracker'!E:E,#REF!,'Profiles Tracker'!G:G,T$1) -> 0 | U9: =N9+P9+Q9+R9+S9+T9 -> 0 | V9: =IF((G9-R9-Q9)<1,0,G9-R9-Q9) -> 26 | W9: =FLOOR(G9,1) -> 26 | X9: =FLOOR(W9,1) -> 26 | Y9: =X9*3 -> 78 | Z9: =IF(W9-SUM(Q9:R9)<1,0,W9-SUM(Q9:R9)) -> 26 | AA9: =IF(X9-SUM(P9:R9)<1,0,X9-SUM(P9:R9)) -> 26 | AB9: =IF(AA9*3-N9<1,0,AA9*3-N9) -> 78 | AC9: =IF(M9="APM Below",H9-45,IF(M9="APM & Above", H9-60,H9-90)) -> 45671 | AD9: =IFERROR(AC9-5,"NA") -> 45666 | AE9: =IFERROR(AD9-7,"NA") -> 45659 | AF9: =CEILING((AC9-TODAY())/7,1) -> -63 | AG9: =CEILING((AD9-TODAY())/7,1) -> -64 | AH9: =CEILING((AE9-TODAY())/7,1) -> -65 | AI9: =COUNTIFS('Profiles Tracker'!E:E,#REF!,'Profiles Tracker'!G:G,Q$1,'Profiles Tracker'!#REF!,"Week 14") -> #REF! | AJ9: =COUNTIFS('Profiles Tracker'!E:E,#REF!,'Profiles Tracker'!G:G,Q$1,'Profiles Tracker'!#REF!,"Week 15") -> #REF! | AK9: =COUNTIFS('Profiles Tracker'!E:E,#REF!,'Profiles Tracker'!G:G,Q$1,'Profiles Tracker'!#REF!,"Week 16") -> #REF! | AL9: =COUNTIFS('Profiles Tracker'!E:E,#REF!,'Profiles Tracker'!G:G,Q$1,'Profiles Tracker'!#REF!,"Week 17") -> #REF! | AM9: =COUNTIFS('Profiles Tracker'!E:E,#REF!,'Profiles Tracker'!G:G,Q$1,'Profiles Tracker'!#REF!,"Week 18") -> #REF!
A10: =ROW()-1 -> 9 | B10: ADCL | C10: Structures | E10: 45668 | F10: Engineers ( Structures ) | G10: 18 | H10: 45716 | I10: Mr. Radha Krishna (Consultant) | J10: Mr. Ravindra Varma | K10: ANY-07 | L10: ADCL-09 | M10: APM Below | N10: =COUNTIFS('Profiles Tracker'!E:E,#REF!,'Profiles Tracker'!G:G,"Profile shared with Interviewer") -> 0 | O10: =COUNTIFS('Profiles Tracker'!E:E,#REF!,'Profiles Tracker'!G:G,"Shortlisted for next round of interview") -> 0 | P10: =COUNTIFS('Profiles Tracker'!E:E,#REF!,'Profiles Tracker'!G:G,P$1) -> 0 | Q10: =COUNTIFS('Profiles Tracker'!E:E,#REF!,'Profiles Tracker'!G:G,Q$1) -> 0 | R10: =COUNTIFS('Profiles Tracker'!E:E,#REF!,'Profiles Tracker'!G:G,R$1) -> 0 | S10: =COUNTIFS('Profiles Tracker'!E:E,#REF!,'Profiles Tracker'!G:G,"Interview Done",'Profiles Tracker'!O:O,"Rejected") -> 0 | T10: =COUNTIFS('Profiles Tracker'!E:E,#REF!,'Profiles Tracker'!G:G,T$1) -> 0 | U10: =N10+P10+Q10+R10+S10+T10 -> 0 | V10: =IF((G10-R10-Q10)<1,0,G10-R10-Q10) -> 18 | W10: =FLOOR(G10,1) -> 18 | X10: =FLOOR(W10,1) -> 18 | Y10: =X10*3 -> 54 | Z10: =IF(W10-SUM(Q10:R10)<1,0,W10-SUM(Q10:R10)) -> 18 | AA10: =IF(X10-SUM(P10:R10)<1,0,X10-SUM(P10:R10)) -> 18 | AB10: =IF(AA10*3-N10<1,0,AA10*3-N10) -> 54 | AC10: =IF(M10="APM Below",H10-45,IF(M10="APM & Above", H10-60,H10-90)) -> 45671 | AD10: =IFERROR(AC10-5,"NA") -> 45666 | AE10: =IFERROR(AD10-7,"NA") -> 45659 | AF10: =CEILING((AC10-TODAY())/7,1) -> -63 | AG10: =CEILING((AD10-TODAY())/7,1) -> -64 | AH10: =CEILING((AE10-TODAY())/7,1) -> -65 | AI10: =COUNTIFS('Profiles Tracker'!E:E,#REF!,'Profiles Tracker'!G:G,Q$1,'Profiles Tracker'!#REF!,"Week 14") -> #REF! | AJ10: =COUNTIFS('Profiles Tracker'!E:E,#REF!,'Profiles Tracker'!G:G,Q$1,'Profiles Tracker'!#REF!,"Week 15") -> #REF! | AK10: =COUNTIFS('Profiles Tracker'!E:E,#REF!,'Profiles Tracker'!G:G,Q$1,'Profiles Tracker'!#REF!,"Week 16") -> #REF! | AL10: =COUNTIFS('Profiles Tracker'!E:E,#REF!,'Profiles Tracker'!G:G,Q$1,'Profiles Tracker'!#REF!,"Week 17") -> #REF! | AM10: =COUNTIFS('Profiles Tracker'!E:E,#REF!,'Profiles Tracker'!G:G,Q$1,'Profiles Tracker'!#REF!,"Week 18") -> #REF!
A11: =ROW()-1 -> 10 | B11: ADCL | C11: Roads | E11: 45668 | F11: Engineers ( Roads ) | G11: 18 | H11: 45716 | I11: Mr. Madhusudhan Reddy | J11: Mr. Ravindra Varma | K11: ANY-08 | L11: ADCL-10 | M11: APM Below | N11: =COUNTIFS('Profiles Tracker'!E:E,#REF!,'Profiles Tracker'!G:G,"Profile shared with Interviewer") -> 0 | O11: =COUNTIFS('Profiles Tracker'!E:E,#REF!,'Profiles Tracker'!G:G,"Shortlisted for next round of interview") -> 0 | P11: =COUNTIFS('Profiles Tracker'!E:E,#REF!,'Profiles Tracker'!G:G,P$1) -> 0 | Q11: =COUNTIFS('Profiles Tracker'!E:E,#REF!,'Profiles Tracker'!G:G,Q$1) -> 0 | R11: =COUNTIFS('Profiles Tracker'!E:E,#REF!,'Profiles Tracker'!G:G,R$1) -> 0 | S11: =COUNTIFS('Profiles Tracker'!E:E,#REF!,'Profiles Tracker'!G:G,"Interview Done",'Profiles Tracker'!O:O,"Rejected") -> 0 | T11: =COUNTIFS('Profiles Tracker'!E:E,#REF!,'Profiles Tracker'!G:G,T$1) -> 0 | U11: =N11+P11+Q11+R11+S11+T11 -> 0 | V11: =IF((G11-R11-Q11)<1,0,G11-R11-Q11) -> 18 | W11: =FLOOR(G11,1) -> 18 | X11: =FLOOR(W11,1) -> 18 | Y11: =X11*3 -> 54 | Z11: =IF(W11-SUM(Q11:R11)<1,0,W11-SUM(Q11:R11)) -> 18 | AA11: =IF(X11-SUM(P11:R11)<1,0,X11-SUM(P11:R11)) -> 18 | AB11: =IF(AA11*3-N11<1,0,AA11*3-N11) -> 54 | AC11: =IF(M11="APM Below",H11-45,IF(M11="APM & Above", H11-60,H11-90)) -> 45671 | AD11: =IFERROR(AC11-5,"NA") -> 45666 | AE11: =IFERROR(AD11-7,"NA") -> 45659 | AF11: =CEILING((AC11-TODAY())/7,1) -> -63 | AG11: =CEILING((AD11-TODAY())/7,1) -> -64 | AH11: =CEILING((AE11-TODAY())/7,1) -> -65 | AI11: =COUNTIFS('Profiles Tracker'!E:E,#REF!,'Profiles Tracker'!G:G,Q$1,'Profiles Tracker'!#REF!,"Week 14") -> #REF! | AJ11: =COUNTIFS('Profiles Tracker'!E:E,#REF!,'Profiles Tracker'!G:G,Q$1,'Profiles Tracker'!#REF!,"Week 15") -> #REF! | AK11: =COUNTIFS('Profiles Tracker'!E:E,#REF!,'Profiles Tracker'!G:G,Q$1,'Profiles Tracker'!#REF!,"Week 16") -> #REF! | AL11: =COUNTIFS('Profiles Tracker'!E:E,#REF!,'Profiles Tracker'!G:G,Q$1,'Profiles Tracker'!#REF!,"Week 17") -> #REF! | AM11: =COUNTIFS('Profiles Tracker'!E:E,#REF!,'Profiles Tracker'!G:G,Q$1,'Profiles Tracker'!#REF!,"Week 18") -> #REF!
A12: =ROW()-1 -> 11 | B12: ADCL | C12: Structures | E12: 45668 | F12: Jr.Engineer ( structures) | G12: 14 | H12: 45716 | I12: Mr. Radha Krishna (Consultant) | J12: Mr. Ravindra Varma | K12: ANY-09 | L12: ADCL-11 | M12: APM Below | N12: =COUNTIFS('Profiles Tracker'!E:E,#REF!,'Profiles Tracker'!G:G,"Profile shared with Interviewer") -> 0 | O12: =COUNTIFS('Profiles Tracker'!E:E,#REF!,'Profiles Tracker'!G:G,"Shortlisted for next round of interview") -> 0 | P12: =COUNTIFS('Profiles Tracker'!E:E,#REF!,'Profiles Tracker'!G:G,P$1) -> 0 | Q12: =COUNTIFS('Profiles Tracker'!E:E,#REF!,'Profiles Tracker'!G:G,Q$1) -> 0 | R12: =COUNTIFS('Profiles Tracker'!E:E,#REF!,'Profiles Tracker'!G:G,R$1) -> 0 | S12: =COUNTIFS('Profiles Tracker'!E:E,#REF!,'Profiles Tracker'!G:G,"Interview Done",'Profiles Tracker'!O:O,"Rejected") -> 0 | T12: =COUNTIFS('Profiles Tracker'!E:E,#REF!,'Profiles Tracker'!G:G,T$1) -> 0 | U12: =N12+P12+Q12+R12+S12+T12 -> 0 | V12: =IF((G12-R12-Q12)<1,0,G12-R12-Q12) -> 14 | W12: =FLOOR(G12,1) -> 14 | X12: =FLOOR(W12,1) -> 14 | Y12: =X12*3 -> 42 | Z12: =IF(W12-SUM(Q12:R12)<1,0,W12-SUM(Q12:R12)) -> 14 | AA12: =IF(X12-SUM(P12:R12)<1,0,X12-SUM(P12:R12)) -> 14 | AB12: =IF(AA12*3-N12<1,0,AA12*3-N12) -> 42 | AC12: =IF(M12="APM Below",H12-45,IF(M12="APM & Above", H12-60,H12-90)) -> 45671 | AD12: =IFERROR(AC12-5,"NA") -> 45666 | AE12: =IFERROR(AD12-7,"NA") -> 45659 | AF12: =CEILING((AC12-TODAY())/7,1) -> -63 | AG12: =CEILING((AD12-TODAY())/7,1) -> -64 | AH12: =CEILING((AE12-TODAY())/7,1) -> -65 | AI12: =COUNTIFS('Profiles Tracker'!E:E,#REF!,'Profiles Tracker'!G:G,Q$1,'Profiles Tracker'!#REF!,"Week 14") -> #REF! | AJ12: =COUNTIFS('Profiles Tracker'!E:E,#REF!,'Profiles Tracker'!G:G,Q$1,'Profiles Tracker'!#REF!,"Week 15") -> #REF! | AK12: =COUNTIFS('Profiles Tracker'!E:E,#REF!,'Profiles Tracker'!G:G,Q$1,'Profiles Tracker'!#REF!,"Week 16") -> #REF! | AL12: =COUNTIFS('Profiles Tracker'!E:E,#REF!,'Profiles Tracker'!G:G,Q$1,'Profiles Tracker'!#REF!,"Week 17") -> #REF! | AM12: =COUNTIFS('Profiles Tracker'!E:E,#REF!,'Profiles Tracker'!G:G,Q$1,'Profiles Tracker'!#REF!,"Week 18") -> #REF!
A13: =ROW()-1 -> 12 | B13: ADCL | C13: Roads | E13: 45668 | F13: Jr. Engineer ( Roads ) | G13: 14 | H13: 45716 | I13: Mr. Madhusudhan Reddy | J13: Mr. Ravindra Varma | K13: ANY-10 | L13: ADCL-12 | M13: APM Below | N13: =COUNTIFS('Profiles Tracker'!E:E,#REF!,'Profiles Tracker'!G:G,"Profile shared with Interviewer") -> 0 | O13: =COUNTIFS('Profiles Tracker'!E:E,#REF!,'Profiles Tracker'!G:G,"Shortlisted for next round of interview") -> 0 | P13: =COUNTIFS('Profiles Tracker'!E:E,#REF!,'Profiles Tracker'!G:G,P$1) -> 0 | Q13: =COUNTIFS('Profiles Tracker'!E:E,#REF!,'Profiles Tracker'!G:G,Q$1) -> 0 | R13: =COUNTIFS('Profiles Tracker'!E:E,#REF!,'Profiles Tracker'!G:G,R$1) -> 0 | S13: =COUNTIFS('Profiles Tracker'!E:E,#REF!,'Profiles Tracker'!G:G,"Interview Done",'Profiles Tracker'!O:O,"Rejected") -> 0 | T13: =COUNTIFS('Profiles Tracker'!E:E,#REF!,'Profiles Tracker'!G:G,T$1) -> 0 | U13: =N13+P13+Q13+R13+S13+T13 -> 0 | V13: =IF((G13-R13-Q13)<1,0,G13-R13-Q13) -> 14 | W13: =FLOOR(G13,1) -> 14 | X13: =FLOOR(W13,1) -> 14 | Y13: =X13*3 -> 42 | Z13: =IF(W13-SUM(Q13:R13)<1,0,W13-SUM(Q13:R13)) -> 14 | AA13: =IF(X13-SUM(P13:R13)<1,0,X13-SUM(P13:R13)) -> 14 | AB13: =IF(AA13*3-N13<1,0,AA13*3-N13) -> 42 | AC13: =IF(M13="APM Below",H13-45,IF(M13="APM & Above", H13-60,H13-90)) -> 45671 | AD13: =IFERROR(AC13-5,"NA") -> 45666 | AE13: =IFERROR(AD13-7,"NA") -> 45659 | AF13: =CEILING((AC13-TODAY())/7,1) -> -63 | AG13: =CEILING((AD13-TODAY())/7,1) -> -64 | AH13: =CEILING((AE13-TODAY())/7,1) -> -65 | AI13: =COUNTIFS('Profiles Tracker'!E:E,#REF!,'Profiles Tracker'!G:G,Q$1,'Profiles Tracker'!#REF!,"Week 14") -> #REF! | AJ13: =COUNTIFS('Profiles Tracker'!E:E,#REF!,'Profiles Tracker'!G:G,Q$1,'Profiles Tracker'!#REF!,"Week 15") -> #REF! | AK13: =COUNTIFS('Profiles Tracker'!E:E,#REF!,'Profiles Tracker'!G:G,Q$1,'Profiles Tracker'!#REF!,"Week 16") -> #REF! | AL13: =COUNTIFS('Profiles Tracker'!E:E,#REF!,'Profiles Tracker'!G:G,Q$1,'Profiles Tracker'!#REF!,"Week 17") -> #REF! | AM13: =COUNTIFS('Profiles Tracker'!E:E,#REF!,'Profiles Tracker'!G:G,Q$1,'Profiles Tracker'!#REF!,"Week 18") -> #REF!
A14: =ROW()-1 -> 13 | B14: ADCL | E14: 45668 | F14: Surveyors | G14: 28 | H14: 45716 | I14: Mr. Swaroop (Consultant) | J14: Mr. Srinivas | K14: ANY-11 | L14: ADCL-13 | M14: APM Below | N14: =COUNTIFS('Profiles Tracker'!E:E,#REF!,'Profiles Tracker'!G:G,"Profile shared with Interviewer") -> 0 | O14: =COUNTIFS('Profiles Tracker'!E:E,#REF!,'Profiles Tracker'!G:G,"Shortlisted for next round of interview") -> 0 | P14: =COUNTIFS('Profiles Tracker'!E:E,#REF!,'Profiles Tracker'!G:G,P$1) -> 0 | Q14: =COUNTIFS('Profiles Tracker'!E:E,#REF!,'Profiles Tracker'!G:G,Q$1) -> 0 | R14: =COUNTIFS('Profiles Tracker'!E:E,#REF!,'Profiles Tracker'!G:G,R$1) -> 0 | S14: =COUNTIFS('Profiles Tracker'!E:E,#REF!,'Profiles Tracker'!G:G,"Interview Done",'Profiles Tracker'!O:O,"Rejected") -> 0 | T14: =COUNTIFS('Profiles Tracker'!E:E,#REF!,'Profiles Tracker'!G:G,T$1) -> 0 | U14: =N14+P14+Q14+R14+S14+T14 -> 0 | V14: =IF((G14-R14-Q14)<1,0,G14-R14-Q14) -> 28 | W14: =FLOOR(G14,1) -> 28 | X14: =FLOOR(W14,1) -> 28 | Y14: =X14*3 -> 84 | Z14: =IF(W14-SUM(Q14:R14)<1,0,W14-SUM(Q14:R14)) -> 28 | AA14: =IF(X14-SUM(P14:R14)<1,0,X14-SUM(P14:R14)) -> 28 | AB14: =IF(AA14*3-N14<1,0,AA14*3-N14) -> 84 | AC14: =IF(M14="APM Below",H14-45,IF(M14="APM & Above", H14-60,H14-90)) -> 45671 | AD14: =IFERROR(AC14-5,"NA") -> 45666 | AE14: =IFERROR(AD14-7,"NA") -> 45659 | AF14: =CEILING((AC14-TODAY())/7,1) -> -63 | AG14: =CEILING((AD14-TODAY())/7,1) -> -64 | AH14: =CEILING((AE14-TODAY())/7,1) -> -65 | AI14: =COUNTIFS('Profiles Tracker'!E:E,#REF!,'Profiles Tracker'!G:G,Q$1,'Profiles Tracker'!#REF!,"Week 14") -> #REF! | AJ14: =COUNTIFS('Profiles Tracker'!E:E,#REF!,'Profiles Tracker'!G:G,Q$1,'Profiles Tracker'!#REF!,"Week 15") -> #REF! | AK14: =COUNTIFS('Profiles Tracker'!E:E,#REF!,'Profiles Tracker'!G:G,Q$1,'Profiles Tracker'!#REF!,"Week 16") -> #REF! | AL14: =COUNTIFS('Profiles Tracker'!E:E,#REF!,'Profiles Tracker'!G:G,Q$1,'Profiles Tracker'!#REF!,"Week 17") -> #REF! | AM14: =COUNTIFS('Profiles Tracker'!E:E,#REF!,'Profiles Tracker'!G:G,Q$1,'Profiles Tracker'!#REF!,"Week 18") -> #REF!
A15: =ROW()-1 -> 14 | B15: ADCL | C15: Safety | E15: 45668 | F15: Safety Executives | G15: 14 | H15: 45747 | I15: Mr. Palem Krishna Reddy | J15: Mr. Venu | K15: ANY-49 | L15: ADCL-14 | M15: APM Below | N15: =COUNTIFS('Profiles Tracker'!E:E,#REF!,'Profiles Tracker'!G:G,"Profile shared with Interviewer") -> 0 | O15: =COUNTIFS('Profiles Tracker'!E:E,#REF!,'Profiles Tracker'!G:G,"Shortlisted for next round of interview") -> 0 | P15: =COUNTIFS('Profiles Tracker'!E:E,#REF!,'Profiles Tracker'!G:G,P$1) -> 0 | Q15: =COUNTIFS('Profiles Tracker'!E:E,#REF!,'Profiles Tracker'!G:G,Q$1) -> 0 | R15: =COUNTIFS('Profiles Tracker'!E:E,#REF!,'Profiles Tracker'!G:G,R$1) -> 0 | S15: =COUNTIFS('Profiles Tracker'!E:E,#REF!,'Profiles Tracker'!G:G,"Interview Done",'Profiles Tracker'!O:O,"Rejected") -> 0 | T15: =COUNTIFS('Profiles Tracker'!E:E,#REF!,'Profiles Tracker'!G:G,T$1) -> 0 | U15: =N15+P15+Q15+R15+S15+T15 -> 0 | V15: =IF((G15-R15-Q15)<1,0,G15-R15-Q15) -> 14 | W15: =FLOOR(G15,1) -> 14 | X15: =FLOOR(W15,1) -> 14 | Y15: =X15*3 -> 42 | Z15: =IF(W15-SUM(Q15:R15)<1,0,W15-SUM(Q15:R15)) -> 14 | AA15: =IF(X15-SUM(P15:R15)<1,0,X15-SUM(P15:R15)) -> 14 | AB15: =IF(AA15*3-N15<1,0,AA15*3-N15) -> 42 | AC15: =IF(M15="APM Below",H15-45,IF(M15="APM & Above", H15-60,H15-90)) -> 45702 | AD15: =IFERROR(AC15-5,"NA") -> 45697 | AE15: =IFERROR(AD15-7,"NA") -> 45690 | AF15: =CEILING((AC15-TODAY())/7,1) -> -59 | AG15: =CEILING((AD15-TODAY())/7,1) -> -59 | AH15: =CEILING((AE15-TODAY())/7,1) -> -60 | AI15: =COUNTIFS('Profiles Tracker'!E:E,#REF!,'Profiles Tracker'!G:G,Q$1,'Profiles Tracker'!#REF!,"Week 14") -> #REF! | AJ15: =COUNTIFS('Profiles Tracker'!E:E,#REF!,'Profiles Tracker'!G:G,Q$1,'Profiles Tracker'!#REF!,"Week 15") -> #REF! | AK15: =COUNTIFS('Profiles Tracker'!E:E,#REF!,'Profiles Tracker'!G:G,Q$1,'Profiles Tracker'!#REF!,"Week 16") -> #REF! | AL15: =COUNTIFS('Profiles Tracker'!E:E,#REF!,'Profiles Tracker'!G:G,Q$1,'Profiles Tracker'!#REF!,"Week 17") -> #REF! | AM15: =COUNTIFS('Profiles Tracker'!E:E,#REF!,'Profiles Tracker'!G:G,Q$1,'Profiles Tracker'!#REF!,"Week 18") -> #REF!
A16: =ROW()-1 -> 15 | B16: ADCL | C16: Safety | E16: 45668 | F16: Safety Officers | G16: 14 | H16: 45716 | I16: Mr. Palem Krishna Reddy | J16: Mr. Venu | K16: ANY-13 | L16: ADCL-15 | M16: APM Below | N16: =COUNTIFS('Profiles Tracker'!E:E,#REF!,'Profiles Tracker'!G:G,"Profile shared with Interviewer") -> 0 | O16: =COUNTIFS('Profiles Tracker'!E:E,#REF!,'Profiles Tracker'!G:G,"Shortlisted for next round of interview") -> 0 | P16: =COUNTIFS('Profiles Tracker'!E:E,#REF!,'Profiles Tracker'!G:G,P$1) -> 0 | Q16: =COUNTIFS('Profiles Tracker'!E:E,#REF!,'Profiles Tracker'!G:G,Q$1) -> 0 | R16: =COUNTIFS('Profiles Tracker'!E:E,#REF!,'Profiles Tracker'!G:G,R$1) -> 0 | S16: =COUNTIFS('Profiles Tracker'!E:E,#REF!,'Profiles Tracker'!G:G,"Interview Done",'Profiles Tracker'!O:O,"Rejected") -> 0 | T16: =COUNTIFS('Profiles Tracker'!E:E,#REF!,'Profiles Tracker'!G:G,T$1) -> 0 | U16: =N16+P16+Q16+R16+S16+T16 -> 0 | V16: =IF((G16-R16-Q16)<1,0,G16-R16-Q16) -> 14 | W16: =FLOOR(G16,1) -> 14 | X16: =FLOOR(W16,1) -> 14 | Y16: =X16*3 -> 42 | Z16: =IF(W16-SUM(Q16:R16)<1,0,W16-SUM(Q16:R16)) -> 14 | AA16: =IF(X16-SUM(P16:R16)<1,0,X16-SUM(P16:R16)) -> 14 | AB16: =IF(AA16*3-N16<1,0,AA16*3-N16) -> 42 | AC16: =IF(M16="APM Below",H16-45,IF(M16="APM & Above", H16-60,H16-90)) -> 45671 | AD16: =IFERROR(AC16-5,"NA") -> 45666 | AE16: =IFERROR(AD16-7,"NA") -> 45659 | AF16: =CEILING((AC16-TODAY())/7,1) -> -63 | AG16: =CEILING((AD16-TODAY())/7,1) -> -64 | AH16: =CEILING((AE16-TODAY())/7,1) -> -65 | AI16: =COUNTIFS('Profiles Tracker'!E:E,#REF!,'Profiles Tracker'!G:G,Q$1,'Profiles Tracker'!#REF!,"Week 14") -> #REF! | AJ16: =COUNTIFS('Profiles Tracker'!E:E,#REF!,'Profiles Tracker'!G:G,Q$1,'Profiles Tracker'!#REF!,"Week 15") -> #REF! | AK16: =COUNTIFS('Profiles Tracker'!E:E,#REF!,'Profiles Tracker'!G:G,Q$1,'Profiles Tracker'!#REF!,"Week 16") -> #REF! | AL16: =COUNTIFS('Profiles Tracker'!E:E,#REF!,'Profiles Tracker'!G:G,Q$1,'Profiles Tracker'!#REF!,"Week 17") -> #REF! | AM16: =COUNTIFS('Profiles Tracker'!E:E,#REF!,'Profiles Tracker'!G:G,Q$1,'Profiles Tracker'!#REF!,"Week 18") -> #REF!
A17: =ROW()-1 -> 16 | B17: ADCL | C17: QC | E17: 45668 | F17: Manager/Asst Manager ( QC ) | G17: 5 | H17: 45716 | I17: Mr. Rudra Murthy G | J17: Mr. Ravindra Varma | K17: ANY-14 | L17: ADCL-16 | M17: APM & Above | N17: =COUNTIFS('Profiles Tracker'!E:E,#REF!,'Profiles Tracker'!G:G,"Profile shared with Interviewer") -> 0 | O17: =COUNTIFS('Profiles Tracker'!E:E,#REF!,'Profiles Tracker'!G:G,"Shortlisted for next round of interview") -> 0 | P17: =COUNTIFS('Profiles Tracker'!E:E,#REF!,'Profiles Tracker'!G:G,P$1) -> 0 | Q17: =COUNTIFS('Profiles Tracker'!E:E,#REF!,'Profiles Tracker'!G:G,Q$1) -> 0 | R17: =COUNTIFS('Profiles Tracker'!E:E,#REF!,'Profiles Tracker'!G:G,R$1) -> 0 | S17: =COUNTIFS('Profiles Tracker'!E:E,#REF!,'Profiles Tracker'!G:G,"Interview Done",'Profiles Tracker'!O:O,"Rejected") -> 0 | T17: =COUNTIFS('Profiles Tracker'!E:E,#REF!,'Profiles Tracker'!G:G,T$1) -> 0 | U17: =N17+P17+Q17+R17+S17+T17 -> 0 | V17: =IF((G17-R17-Q17)<1,0,G17-R17-Q17) -> 5 | W17: =FLOOR(G17,1) -> 5 | X17: =FLOOR(W17,1) -> 5 | Y17: =X17*3 -> 15 | Z17: =IF(W17-SUM(Q17:R17)<1,0,W17-SUM(Q17:R17)) -> 5 | AA17: =IF(X17-SUM(P17:R17)<1,0,X17-SUM(P17:R17)) -> 5 | AB17: =IF(AA17*3-N17<1,0,AA17*3-N17) -> 15 | AC17: =IF(M17="APM Below",H17-45,IF(M17="APM & Above", H17-60,H17-90)) -> 45656 | AD17: =IFERROR(AC17-5,"NA") -> 45651 | AE17: =IFERROR(AD17-7,"NA") -> 45644 | AF17: =CEILING((AC17-TODAY())/7,1) -> -65 | AG17: =CEILING((AD17-TODAY())/7,1) -> -66 | AH17: =CEILING((AE17-TODAY())/7,1) -> -67 | AI17: =COUNTIFS('Profiles Tracker'!E:E,#REF!,'Profiles Tracker'!G:G,Q$1,'Profiles Tracker'!#REF!,"Week 14") -> #REF! | AJ17: =COUNTIFS('Profiles Tracker'!E:E,#REF!,'Profiles Tracker'!G:G,Q$1,'Profiles Tracker'!#REF!,"Week 15") -> #REF! | AK17: =COUNTIFS('Profiles Tracker'!E:E,#REF!,'Profiles Tracker'!G:G,Q$1,'Profiles Tracker'!#REF!,"Week 16") -> #REF! | AL17: =COUNTIFS('Profiles Tracker'!E:E,#REF!,'Profiles Tracker'!G:G,Q$1,'Profiles Tracker'!#REF!,"Week 17") -> #REF! | AM17: =COUNTIFS('Profiles Tracker'!E:E,#REF!,'Profiles Tracker'!G:G,Q$1,'Profiles Tracker'!#REF!,"Week 18") -> #REF!
A18: =ROW()-1 -> 17 | B18: ADCL | C18: QC | E18: 45668 | F18: Sr.Engineer (QC) | G18: 10 | H18: 45716 | I18: Mr. Rudra Murthy G | J18: Mr. Ravindra Varma | K18: ANY-15 | L18: ADCL-17 | M18: APM Below | N18: =COUNTIFS('Profiles Tracker'!E:E,#REF!,'Profiles Tracker'!G:G,"Profile shared with Interviewer") -> 0 | O18: =COUNTIFS('Profiles Tracker'!E:E,#REF!,'Profiles Tracker'!G:G,"Shortlisted for next round of interview") -> 0 | P18: =COUNTIFS('Profiles Tracker'!E:E,#REF!,'Profiles Tracker'!G:G,P$1) -> 0 | Q18: =COUNTIFS('Profiles Tracker'!E:E,#REF!,'Profiles Tracker'!G:G,Q$1) -> 0 | R18: =COUNTIFS('Profiles Tracker'!E:E,#REF!,'Profiles Tracker'!G:G,R$1) -> 0 | S18: =COUNTIFS('Profiles Tracker'!E:E,#REF!,'Profiles Tracker'!G:G,"Interview Done",'Profiles Tracker'!O:O,"Rejected") -> 0 | T18: =COUNTIFS('Profiles Tracker'!E:E,#REF!,'Profiles Tracker'!G:G,T$1) -> 0 | U18: =N18+P18+Q18+R18+S18+T18 -> 0 | V18: =IF((G18-R18-Q18)<1,0,G18-R18-Q18) -> 10 | W18: =FLOOR(G18,1) -> 10 | X18: =FLOOR(W18,1) -> 10 | Y18: =X18*3 -> 30 | Z18: =IF(W18-SUM(Q18:R18)<1,0,W18-SUM(Q18:R18)) -> 10 | AA18: =IF(X18-SUM(P18:R18)<1,0,X18-SUM(P18:R18)) -> 10 | AB18: =IF(AA18*3-N18<1,0,AA18*3-N18) -> 30 | AC18: =IF(M18="APM Below",H18-45,IF(M18="APM & Above", H18-60,H18-90)) -> 45671 | AD18: =IFERROR(AC18-5,"NA") -> 45666 | AE18: =IFERROR(AD18-7,"NA") -> 45659 | AF18: =CEILING((AC18-TODAY())/7,1) -> -63 | AG18: =CEILING((AD18-TODAY())/7,1) -> -64 | AH18: =CEILING((AE18-TODAY())/7,1) -> -65 | AI18: =COUNTIFS('Profiles Tracker'!E:E,#REF!,'Profiles Tracker'!G:G,Q$1,'Profiles Tracker'!#REF!,"Week 14") -> #REF! | AJ18: =COUNTIFS('Profiles Tracker'!E:E,#REF!,'Profiles Tracker'!G:G,Q$1,'Profiles Tracker'!#REF!,"Week 15") -> #REF! | AK18: =COUNTIFS('Profiles Tracker'!E:E,#REF!,'Profiles Tracker'!G:G,Q$1,'Profiles Tracker'!#REF!,"Week 16") -> #REF! | AL18: =COUNTIFS('Profiles Tracker'!E:E,#REF!,'Profiles Tracker'!G:G,Q$1,'Profiles Tracker'!#REF!,"Week 17") -> #REF! | AM18: =COUNTIFS('Profiles Tracker'!E:E,#REF!,'Profiles Tracker'!G:G,Q$1,'Profiles Tracker'!#REF!,"Week 18") -> #REF!
A19: =ROW()-1 -> 18 | B19: ADCL | C19: QC | E19: 45668 | F19: Engineer/Asst Engineer - QC | G19: 23 | H19: 45716 | I19: Mr. Rudra Murthy G | J19: Mr. Ravindra Varma | K19: ANY-16 | L19: ADCL-18 | M19: APM Below | N19: =COUNTIFS('Profiles Tracker'!E:E,#REF!,'Profiles Tracker'!G:G,"Profile shared with Interviewer") -> 0 | O19: =COUNTIFS('Profiles Tracker'!E:E,#REF!,'Profiles Tracker'!G:G,"Shortlisted for next round of interview") -> 0 | P19: =COUNTIFS('Profiles Tracker'!E:E,#REF!,'Profiles Tracker'!G:G,P$1) -> 0 | Q19: =COUNTIFS('Profiles Tracker'!E:E,#REF!,'Profiles Tracker'!G:G,Q$1) -> 0 | R19: =COUNTIFS('Profiles Tracker'!E:E,#REF!,'Profiles Tracker'!G:G,R$1) -> 0 | S19: =COUNTIFS('Profiles Tracker'!E:E,#REF!,'Profiles Tracker'!G:G,"Interview Done",'Profiles Tracker'!O:O,"Rejected") -> 0 | T19: =COUNTIFS('Profiles Tracker'!E:E,#REF!,'Profiles Tracker'!G:G,T$1) -> 0 | U19: =N19+P19+Q19+R19+S19+T19 -> 0 | V19: =IF((G19-R19-Q19)<1,0,G19-R19-Q19) -> 23 | W19: =FLOOR(G19,1) -> 23 | X19: =FLOOR(W19,1) -> 23 | Y19: =X19*3 -> 69 | Z19: =IF(W19-SUM(Q19:R19)<1,0,W19-SUM(Q19:R19)) -> 23 | AA19: =IF(X19-SUM(P19:R19)<1,0,X19-SUM(P19:R19)) -> 23 | AB19: =IF(AA19*3-N19<1,0,AA19*3-N19) -> 69 | AC19: =IF(M19="APM Below",H19-45,IF(M19="APM & Above", H19-60,H19-90)) -> 45671 | AD19: =IFERROR(AC19-5,"NA") -> 45666 | AE19: =IFERROR(AD19-7,"NA") -> 45659 | AF19: =CEILING((AC19-TODAY())/7,1) -> -63 | AG19: =CEILING((AD19-TODAY())/7,1) -> -64 | AH19: =CEILING((AE19-TODAY())/7,1) -> -65 | AI19: =COUNTIFS('Profiles Tracker'!E:E,#REF!,'Profiles Tracker'!G:G,Q$1,'Profiles Tracker'!#REF!,"Week 14") -> #REF! | AJ19: =COUNTIFS('Profiles Tracker'!E:E,#REF!,'Profiles Tracker'!G:G,Q$1,'Profiles Tracker'!#REF!,"Week 15") -> #REF! | AK19: =COUNTIFS('Profiles Tracker'!E:E,#REF!,'Profiles Tracker'!G:G,Q$1,'Profiles Tracker'!#REF!,"Week 16") -> #REF! | AL19: =COUNTIFS('Profiles Tracker'!E:E,#REF!,'Profiles Tracker'!G:G,Q$1,'Profiles Tracker'!#REF!,"Week 17") -> #REF! | AM19: =COUNTIFS('Profiles Tracker'!E:E,#REF!,'Profiles Tracker'!G:G,Q$1,'Profiles Tracker'!#REF!,"Week 18") -> #REF!
A20: =ROW()-1 -> 19 | B20: ADCL | C20: QC | E20: 45668 | F20: Technicians | G20: 18 | H20: 45716 | I20: Mr. Rudra Murthy G | J20: Mr. Ravindra Varma | K20: ANY-17 | L20: ADCL-19 | M20: APM Below | N20: =COUNTIFS('Profiles Tracker'!E:E,#REF!,'Profiles Tracker'!G:G,"Profile shared with Interviewer") -> 0 | O20: =COUNTIFS('Profiles Tracker'!E:E,#REF!,'Profiles Tracker'!G:G,"Shortlisted for next round of interview") -> 0 | P20: =COUNTIFS('Profiles Tracker'!E:E,#REF!,'Profiles Tracker'!G:G,P$1) -> 0 | Q20: =COUNTIFS('Profiles Tracker'!E:E,#REF!,'Profiles Tracker'!G:G,Q$1) -> 0 | R20: =COUNTIFS('Profiles Tracker'!E:E,#REF!,'Profiles Tracker'!G:G,R$1) -> 0 | S20: =COUNTIFS('Profiles Tracker'!E:E,#REF!,'Profiles Tracker'!G:G,"Interview Done",'Profiles Tracker'!O:O,"Rejected") -> 0 | T20: =COUNTIFS('Profiles Tracker'!E:E,#REF!,'Profiles Tracker'!G:G,T$1) -> 0 | U20: =N20+P20+Q20+R20+S20+T20 -> 0 | V20: =IF((G20-R20-Q20)<1,0,G20-R20-Q20) -> 18 | W20: =FLOOR(G20,1) -> 18 | X20: =FLOOR(W20,1) -> 18 | Y20: =X20*3 -> 54 | Z20: =IF(W20-SUM(Q20:R20)<1,0,W20-SUM(Q20:R20)) -> 18 | AA20: =IF(X20-SUM(P20:R20)<1,0,X20-SUM(P20:R20)) -> 18 | AB20: =IF(AA20*3-N20<1,0,AA20*3-N20) -> 54 | AC20: =IF(M20="APM Below",H20-45,IF(M20="APM & Above", H20-60,H20-90)) -> 45671 | AD20: =IFERROR(AC20-5,"NA") -> 45666 | AE20: =IFERROR(AD20-7,"NA") -> 45659 | AF20: =CEILING((AC20-TODAY())/7,1) -> -63 | AG20: =CEILING((AD20-TODAY())/7,1) -> -64 | AH20: =CEILING((AE20-TODAY())/7,1) -> -65 | AI20: =COUNTIFS('Profiles Tracker'!E:E,#REF!,'Profiles Tracker'!G:G,Q$1,'Profiles Tracker'!#REF!,"Week 14") -> #REF! | AJ20: =COUNTIFS('Profiles Tracker'!E:E,#REF!,'Profiles Tracker'!G:G,Q$1,'Profiles Tracker'!#REF!,"Week 15") -> #REF! | AK20: =COUNTIFS('Profiles Tracker'!E:E,#REF!,'Profiles Tracker'!G:G,Q$1,'Profiles Tracker'!#REF!,"Week 16") -> #REF! | AL20: =COUNTIFS('Profiles Tracker'!E:E,#REF!,'Profiles Tracker'!G:G,Q$1,'Profiles Tracker'!#REF!,"Week 17") -> #REF! | AM20: =COUNTIFS('Profiles Tracker'!E:E,#REF!,'Profiles Tracker'!G:G,Q$1,'Profiles Tracker'!#REF!,"Week 18") -> #REF!
A21: =ROW()-1 -> 20 | B21: ADCL | C21: Planning & QS | E21: 45668 | F21: DGM ( Planning & QS ) | G21: 1 | H21: 45716 | I21: Mr. Subash | J21: Mr. Ravindra Varma | K21: ANY-18 | L21: ADCL-20 | M21: APM & Above | N21: =COUNTIFS('Profiles Tracker'!E:E,#REF!,'Profiles Tracker'!G:G,"Profile shared with Interviewer") -> 0 | O21: =COUNTIFS('Profiles Tracker'!E:E,#REF!,'Profiles Tracker'!G:G,"Shortlisted for next round of interview") -> 0 | P21: =COUNTIFS('Profiles Tracker'!E:E,#REF!,'Profiles Tracker'!G:G,P$1) -> 0 | Q21: =COUNTIFS('Profiles Tracker'!E:E,#REF!,'Profiles Tracker'!G:G,Q$1) -> 0 | R21: =COUNTIFS('Profiles Tracker'!E:E,#REF!,'Profiles Tracker'!G:G,R$1) -> 0 | S21: =COUNTIFS('Profiles Tracker'!E:E,#REF!,'Profiles Tracker'!G:G,"Interview Done",'Profiles Tracker'!O:O,"Rejected") -> 0 | T21: =COUNTIFS('Profiles Tracker'!E:E,#REF!,'Profiles Tracker'!G:G,T$1) -> 0 | U21: =N21+P21+Q21+R21+S21+T21 -> 0 | V21: =IF((G21-R21-Q21)<1,0,G21-R21-Q21) -> 1 | W21: =FLOOR(G21,1) -> 1 | X21: =FLOOR(W21,1) -> 1 | Y21: =X21*3 -> 3 | Z21: =IF(W21-SUM(Q21:R21)<1,0,W21-SUM(Q21:R21)) -> 1 | AA21: =IF(X21-SUM(P21:R21)<1,0,X21-SUM(P21:R21)) -> 1 | AB21: =IF(AA21*3-N21<1,0,AA21*3-N21) -> 3 | AC21: =IF(M21="APM Below",H21-45,IF(M21="APM & Above", H21-60,H21-90)) -> 45656 | AD21: =IFERROR(AC21-5,"NA") -> 45651 | AE21: =IFERROR(AD21-7,"NA") -> 45644 | AF21: =CEILING((AC21-TODAY())/7,1) -> -65 | AG21: =CEILING((AD21-TODAY())/7,1) -> -66 | AH21: =CEILING((AE21-TODAY())/7,1) -> -67 | AI21: =COUNTIFS('Profiles Tracker'!E:E,#REF!,'Profiles Tracker'!G:G,Q$1,'Profiles Tracker'!#REF!,"Week 14") -> #REF! | AJ21: =COUNTIFS('Profiles Tracker'!E:E,#REF!,'Profiles Tracker'!G:G,Q$1,'Profiles Tracker'!#REF!,"Week 15") -> #REF! | AK21: =COUNTIFS('Profiles Tracker'!E:E,#REF!,'Profiles Tracker'!G:G,Q$1,'Profiles Tracker'!#REF!,"Week 16") -> #REF! | AL21: =COUNTIFS('Profiles Tracker'!E:E,#REF!,'Profiles Tracker'!G:G,Q$1,'Profiles Tracker'!#REF!,"Week 17") -> #REF! | AM21: =COUNTIFS('Profiles Tracker'!E:E,#REF!,'Profiles Tracker'!G:G,Q$1,'Profiles Tracker'!#REF!,"Week 18") -> #REF!
A22: =ROW()-1 -> 21 | B22: ADCL | C22: Planning & QS | E22: 45668 | F22: Planning & QS Manager | G22: 8 | H22: 45716 | I22: Mr. Subash | J22: Mr. Ravindra Varma | K22: ANY-19 | L22: ADCL-21 | M22: APM & Above | N22: =COUNTIFS('Profiles Tracker'!E:E,#REF!,'Profiles Tracker'!G:G,"Profile shared with Interviewer") -> 0 | O22: =COUNTIFS('Profiles Tracker'!E:E,#REF!,'Profiles Tracker'!G:G,"Shortlisted for next round of interview") -> 0 | P22: =COUNTIFS('Profiles Tracker'!E:E,#REF!,'Profiles Tracker'!G:G,P$1) -> 0 | Q22: =COUNTIFS('Profiles Tracker'!E:E,#REF!,'Profiles Tracker'!G:G,Q$1) -> 0 | R22: =COUNTIFS('Profiles Tracker'!E:E,#REF!,'Profiles Tracker'!G:G,R$1) -> 0 | S22: =COUNTIFS('Profiles Tracker'!E:E,#REF!,'Profiles Tracker'!G:G,"Interview Done",'Profiles Tracker'!O:O,"Rejected") -> 0 | T22: =COUNTIFS('Profiles Tracker'!E:E,#REF!,'Profiles Tracker'!G:G,T$1) -> 0 | U22: =N22+P22+Q22+R22+S22+T22 -> 0 | V22: =IF((G22-R22-Q22)<1,0,G22-R22-Q22) -> 8 | W22: =FLOOR(G22,1) -> 8 | X22: =FLOOR(W22,1) -> 8 | Y22: =X22*3 -> 24 | Z22: =IF(W22-SUM(Q22:R22)<1,0,W22-SUM(Q22:R22)) -> 8 | AA22: =IF(X22-SUM(P22:R22)<1,0,X22-SUM(P22:R22)) -> 8 | AB22: =IF(AA22*3-N22<1,0,AA22*3-N22) -> 24 | AC22: =IF(M22="APM Below",H22-45,IF(M22="APM & Above", H22-60,H22-90)) -> 45656 | AD22: =IFERROR(AC22-5,"NA") -> 45651 | AE22: =IFERROR(AD22-7,"NA") -> 45644 | AF22: =CEILING((AC22-TODAY())/7,1) -> -65 | AG22: =CEILING((AD22-TODAY())/7,1) -> -66 | AH22: =CEILING((AE22-TODAY())/7,1) -> -67 | AI22: =COUNTIFS('Profiles Tracker'!E:E,#REF!,'Profiles Tracker'!G:G,Q$1,'Profiles Tracker'!#REF!,"Week 14") -> #REF! | AJ22: =COUNTIFS('Profiles Tracker'!E:E,#REF!,'Profiles Tracker'!G:G,Q$1,'Profiles Tracker'!#REF!,"Week 15") -> #REF! | AK22: =COUNTIFS('Profiles Tracker'!E:E,#REF!,'Profiles Tracker'!G:G,Q$1,'Profiles Tracker'!#REF!,"Week 16") -> #REF! | AL22: =COUNTIFS('Profiles Tracker'!E:E,#REF!,'Profiles Tracker'!G:G,Q$1,'Profiles Tracker'!#REF!,"Week 17") -> #REF! | AM22: =COUNTIFS('Profiles Tracker'!E:E,#REF!,'Profiles Tracker'!G:G,Q$1,'Profiles Tracker'!#REF!,"Week 18") -> #REF!
A23: =ROW()-1 -> 22 | B23: ADCL | C23: Planning & QS | E23: 45668 | F23: Sr.Engineer ( QS ) | G23: 18 | H23: 45716 | I23: Mr. Subash | J23: Mr. Ravindra Varma | K23: ANY-20 | L23: ADCL-22 | M23: APM Below | N23: =COUNTIFS('Profiles Tracker'!E:E,#REF!,'Profiles Tracker'!G:G,"Profile shared with Interviewer") -> 0 | O23: =COUNTIFS('Profiles Tracker'!E:E,#REF!,'Profiles Tracker'!G:G,"Shortlisted for next round of interview") -> 0 | P23: =COUNTIFS('Profiles Tracker'!E:E,#REF!,'Profiles Tracker'!G:G,P$1) -> 0 | Q23: =COUNTIFS('Profiles Tracker'!E:E,#REF!,'Profiles Tracker'!G:G,Q$1) -> 0 | R23: =COUNTIFS('Profiles Tracker'!E:E,#REF!,'Profiles Tracker'!G:G,R$1) -> 0 | S23: =COUNTIFS('Profiles Tracker'!E:E,#REF!,'Profiles Tracker'!G:G,"Interview Done",'Profiles Tracker'!O:O,"Rejected") -> 0 | T23: =COUNTIFS('Profiles Tracker'!E:E,#REF!,'Profiles Tracker'!G:G,T$1) -> 0 | U23: =N23+P23+Q23+R23+S23+T23 -> 0 | V23: =IF((G23-R23-Q23)<1,0,G23-R23-Q23) -> 18 | W23: =FLOOR(G23,1) -> 18 | X23: =FLOOR(W23,1) -> 18 | Y23: =X23*3 -> 54 | Z23: =IF(W23-SUM(Q23:R23)<1,0,W23-SUM(Q23:R23)) -> 18 | AA23: =IF(X23-SUM(P23:R23)<1,0,X23-SUM(P23:R23)) -> 18 | AB23: =IF(AA23*3-N23<1,0,AA23*3-N23) -> 54 | AC23: =IF(M23="APM Below",H23-45,IF(M23="APM & Above", H23-60,H23-90)) -> 45671 | AD23: =IFERROR(AC23-5,"NA") -> 45666 | AE23: =IFERROR(AD23-7,"NA") -> 45659 | AF23: =CEILING((AC23-TODAY())/7,1) -> -63 | AG23: =CEILING((AD23-TODAY())/7,1) -> -64 | AH23: =CEILING((AE23-TODAY())/7,1) -> -65 | AI23: =COUNTIFS('Profiles Tracker'!E:E,#REF!,'Profiles Tracker'!G:G,Q$1,'Profiles Tracker'!#REF!,"Week 14") -> #REF! | AJ23: =COUNTIFS('Profiles Tracker'!E:E,#REF!,'Profiles Tracker'!G:G,Q$1,'Profiles Tracker'!#REF!,"Week 15") -> #REF! | AK23: =COUNTIFS('Profiles Tracker'!E:E,#REF!,'Profiles Tracker'!G:G,Q$1,'Profiles Tracker'!#REF!,"Week 16") -> #REF! | AL23: =COUNTIFS('Profiles Tracker'!E:E,#REF!,'Profiles Tracker'!G:G,Q$1,'Profiles Tracker'!#REF!,"Week 17") -> #REF! | AM23: =COUNTIFS('Profiles Tracker'!E:E,#REF!,'Profiles Tracker'!G:G,Q$1,'Profiles Tracker'!#REF!,"Week 18") -> #REF!
A24: =ROW()-1 -> 23 | B24: ADCL | C24: Planning & QS | E24: 45668 | F24: Asst Engineer ( QS ) | G24: 20 | H24: 45716 | I24: Mr. Subash | J24: Mr. Ravindra Varma | K24: ANY-21 | L24: ADCL-23 | M24: APM Below | N24: =COUNTIFS('Profiles Tracker'!E:E,#REF!,'Profiles Tracker'!G:G,"Profile shared with Interviewer") -> 0 | O24: =COUNTIFS('Profiles Tracker'!E:E,#REF!,'Profiles Tracker'!G:G,"Shortlisted for next round of interview") -> 0 | P24: =COUNTIFS('Profiles Tracker'!E:E,#REF!,'Profiles Tracker'!G:G,P$1) -> 0 | Q24: =COUNTIFS('Profiles Tracker'!E:E,#REF!,'Profiles Tracker'!G:G,Q$1) -> 0 | R24: =COUNTIFS('Profiles Tracker'!E:E,#REF!,'Profiles Tracker'!G:G,R$1) -> 0 | S24: =COUNTIFS('Profiles Tracker'!E:E,#REF!,'Profiles Tracker'!G:G,"Interview Done",'Profiles Tracker'!O:O,"Rejected") -> 0 | T24: =COUNTIFS('Profiles Tracker'!E:E,#REF!,'Profiles Tracker'!G:G,T$1) -> 0 | U24: =N24+P24+Q24+R24+S24+T24 -> 0 | V24: =IF((G24-R24-Q24)<1,0,G24-R24-Q24) -> 20 | W24: =FLOOR(G24,1) -> 20 | X24: =FLOOR(W24,1) -> 20 | Y24: =X24*3 -> 60 | Z24: =IF(W24-SUM(Q24:R24)<1,0,W24-SUM(Q24:R24)) -> 20 | AA24: =IF(X24-SUM(P24:R24)<1,0,X24-SUM(P24:R24)) -> 20 | AB24: =IF(AA24*3-N24<1,0,AA24*3-N24) -> 60 | AC24: =IF(M24="APM Below",H24-45,IF(M24="APM & Above", H24-60,H24-90)) -> 45671 | AD24: =IFERROR(AC24-5,"NA") -> 45666 | AE24: =IFERROR(AD24-7,"NA") -> 45659 | AF24: =CEILING((AC24-TODAY())/7,1) -> -63 | AG24: =CEILING((AD24-TODAY())/7,1) -> -64 | AH24: =CEILING((AE24-TODAY())/7,1) -> -65 | AI24: =COUNTIFS('Profiles Tracker'!E:E,#REF!,'Profiles Tracker'!G:G,Q$1,'Profiles Tracker'!#REF!,"Week 14") -> #REF! | AJ24: =COUNTIFS('Profiles Tracker'!E:E,#REF!,'Profiles Tracker'!G:G,Q$1,'Profiles Tracker'!#REF!,"Week 15") -> #REF! | AK24: =COUNTIFS('Profiles Tracker'!E:E,#REF!,'Profiles Tracker'!G:G,Q$1,'Profiles Tracker'!#REF!,"Week 16") -> #REF! | AL24: =COUNTIFS('Profiles Tracker'!E:E,#REF!,'Profiles Tracker'!G:G,Q$1,'Profiles Tracker'!#REF!,"Week 17") -> #REF! | AM24: =COUNTIFS('Profiles Tracker'!E:E,#REF!,'Profiles Tracker'!G:G,Q$1,'Profiles Tracker'!#REF!,"Week 18") -> #REF!
A25: =ROW()-1 -> 24 | B25: ADCL | C25: Stores | E25: 45668 | F25: Sr. Manager ( Stores & Procurement ) | G25: 1 | H25: 45716 | I25: Mr. Y Srinivas Rao | J25: Mr. Ravindra Varma | K25: ANY-23 | L25: ADCL-24 | M25: APM & Above | N25: =COUNTIFS('Profiles Tracker'!E:E,#REF!,'Profiles Tracker'!G:G,"Profile shared with Interviewer") -> 0 | O25: =COUNTIFS('Profiles Tracker'!E:E,#REF!,'Profiles Tracker'!G:G,"Shortlisted for next round of interview") -> 0 | P25: =COUNTIFS('Profiles Tracker'!E:E,#REF!,'Profiles Tracker'!G:G,P$1) -> 0 | Q25: =COUNTIFS('Profiles Tracker'!E:E,#REF!,'Profiles Tracker'!G:G,Q$1) -> 0 | R25: =COUNTIFS('Profiles Tracker'!E:E,#REF!,'Profiles Tracker'!G:G,R$1) -> 0 | S25: =COUNTIFS('Profiles Tracker'!E:E,#REF!,'Profiles Tracker'!G:G,"Interview Done",'Profiles Tracker'!O:O,"Rejected") -> 0 | T25: =COUNTIFS('Profiles Tracker'!E:E,#REF!,'Profiles Tracker'!G:G,T$1) -> 0 | U25: =N25+P25+Q25+R25+S25+T25 -> 0 | V25: =IF((G25-R25-Q25)<1,0,G25-R25-Q25) -> 1 | W25: =FLOOR(G25,1) -> 1 | X25: =FLOOR(W25,1) -> 1 | Y25: =X25*3 -> 3 | Z25: =IF(W25-SUM(Q25:R25)<1,0,W25-SUM(Q25:R25)) -> 1 | AA25: =IF(X25-SUM(P25:R25)<1,0,X25-SUM(P25:R25)) -> 1 | AB25: =IF(AA25*3-N25<1,0,AA25*3-N25) -> 3 | AC25: =IF(M25="APM Below",H25-45,IF(M25="APM & Above", H25-60,H25-90)) -> 45656 | AD25: =IFERROR(AC25-5,"NA") -> 45651 | AE25: =IFERROR(AD25-7,"NA") -> 45644 | AF25: =CEILING((AC25-TODAY())/7,1) -> -65 | AG25: =CEILING((AD25-TODAY())/7,1) -> -66 | AH25: =CEILING((AE25-TODAY())/7,1) -> -67 | AI25: =COUNTIFS('Profiles Tracker'!E:E,#REF!,'Profiles Tracker'!G:G,Q$1,'Profiles Tracker'!#REF!,"Week 14") -> #REF! | AJ25: =COUNTIFS('Profiles Tracker'!E:E,#REF!,'Profiles Tracker'!G:G,Q$1,'Profiles Tracker'!#REF!,"Week 15") -> #REF! | AK25: =COUNTIFS('Profiles Tracker'!E:E,#REF!,'Profiles Tracker'!G:G,Q$1,'Profiles Tracker'!#REF!,"Week 16") -> #REF! | AL25: =COUNTIFS('Profiles Tracker'!E:E,#REF!,'Profiles Tracker'!G:G,Q$1,'Profiles Tracker'!#REF!,"Week 17") -> #REF! | AM25: =COUNTIFS('Profiles Tracker'!E:E,#REF!,'Profiles Tracker'!G:G,Q$1,'Profiles Tracker'!#REF!,"Week 18") -> #REF!
A26: =ROW()-1 -> 25 | B26: ADCL | C26: Stores | E26: 45668 | F26: Manager Stores | G26: 1 | H26: 45716 | I26: Mr. Y Srinivas Rao | J26: Mr. Ravindra Varma | K26: ANY-24 | L26: ADCL-25 | M26: APM & Above | N26: =COUNTIFS('Profiles Tracker'!E:E,#REF!,'Profiles Tracker'!G:G,"Profile shared with Interviewer") -> 0 | O26: =COUNTIFS('Profiles Tracker'!E:E,#REF!,'Profiles Tracker'!G:G,"Shortlisted for next round of interview") -> 0 | P26: =COUNTIFS('Profiles Tracker'!E:E,#REF!,'Profiles Tracker'!G:G,P$1) -> 0 | Q26: =COUNTIFS('Profiles Tracker'!E:E,#REF!,'Profiles Tracker'!G:G,Q$1) -> 0 | R26: =COUNTIFS('Profiles Tracker'!E:E,#REF!,'Profiles Tracker'!G:G,R$1) -> 0 | S26: =COUNTIFS('Profiles Tracker'!E:E,#REF!,'Profiles Tracker'!G:G,"Interview Done",'Profiles Tracker'!O:O,"Rejected") -> 0 | T26: =COUNTIFS('Profiles Tracker'!E:E,#REF!,'Profiles Tracker'!G:G,T$1) -> 0 | U26: =N26+P26+Q26+R26+S26+T26 -> 0 | V26: =IF((G26-R26-Q26)<1,0,G26-R26-Q26) -> 1 | W26: =FLOOR(G26,1) -> 1 | X26: =FLOOR(W26,1) -> 1 | Y26: =X26*3 -> 3 | Z26: =IF(W26-SUM(Q26:R26)<1,0,W26-SUM(Q26:R26)) -> 1 | AA26: =IF(X26-SUM(P26:R26)<1,0,X26-SUM(P26:R26)) -> 1 | AB26: =IF(AA26*3-N26<1,0,AA26*3-N26) -> 3 | AC26: =IF(M26="APM Below",H26-45,IF(M26="APM & Above", H26-60,H26-90)) -> 45656 | AD26: =IFERROR(AC26-5,"NA") -> 45651 | AE26: =IFERROR(AD26-7,"NA") -> 45644 | AF26: =CEILING((AC26-TODAY())/7,1) -> -65 | AG26: =CEILING((AD26-TODAY())/7,1) -> -66 | AH26: =CEILING((AE26-TODAY())/7,1) -> -67 | AI26: =COUNTIFS('Profiles Tracker'!E:E,#REF!,'Profiles Tracker'!G:G,Q$1,'Profiles Tracker'!#REF!,"Week 14") -> #REF! | AJ26: =COUNTIFS('Profiles Tracker'!E:E,#REF!,'Profiles Tracker'!G:G,Q$1,'Profiles Tracker'!#REF!,"Week 15") -> #REF! | AK26: =COUNTIFS('Profiles Tracker'!E:E,#REF!,'Profiles Tracker'!G:G,Q$1,'Profiles Tracker'!#REF!,"Week 16") -> #REF! | AL26: =COUNTIFS('Profiles Tracker'!E:E,#REF!,'Profiles Tracker'!G:G,Q$1,'Profiles Tracker'!#REF!,"Week 17") -> #REF! | AM26: =COUNTIFS('Profiles Tracker'!E:E,#REF!,'Profiles Tracker'!G:G,Q$1,'Profiles Tracker'!#REF!,"Week 18") -> #REF!
... A37: =ROW()-1 -> 36 | B37: ADCL | C37: Earthwork | E37: 45668 | F37: Project Manager ( Earthwork) | G37: 1 | H37: 45716 | I37: Mr. Raghu Rama Raju | J37: Mr. Ravindra Varma | K37: ANY-35 | L37: ADCL-36 | M37: APM & Above | N37: =COUNTIFS('Profiles Tracker'!E:E,#REF!,'Profiles Tracker'!G:G,"Profile shared with Interviewer") -> 0 | O37: =COUNTIFS('Profiles Tracker'!E:E,#REF!,'Profiles Tracker'!G:G,"Shortlisted for next round of interview") -> 0 | P37: =COUNTIFS('Profiles Tracker'!E:E,#REF!,'Profiles Tracker'!G:G,P$1) -> 0 | Q37: =COUNTIFS('Profiles Tracker'!E:E,#REF!,'Profiles Tracker'!G:G,Q$1) -> 0 | R37: =COUNTIFS('Profiles Tracker'!E:E,#REF!,'Profiles Tracker'!G:G,R$1) -> 0 | S37: =COUNTIFS('Profiles Tracker'!E:E,#REF!,'Profiles Tracker'!G:G,"Interview Done",'Profiles Tracker'!O:O,"Rejected") -> 0 | T37: =COUNTIFS('Profiles Tracker'!E:E,#REF!,'Profiles Tracker'!G:G,T$1) -> 0 | U37: =N37+P37+Q37+R37+S37+T37 -> 0 | V37: =IF((G37-R37-Q37)<1,0,G37-R37-Q37) -> 1 | W37: =FLOOR(G37,1) -> 1 | X37: =FLOOR(W37,1) -> 1 | Y37: =X37*3 -> 3 | Z37: =IF(W37-SUM(Q37:R37)<1,0,W37-SUM(Q37:R37)) -> 1 | AA37: =IF(X37-SUM(P37:R37)<1,0,X37-SUM(P37:R37)) -> 1 | AB37: =IF(AA37*3-N37<1,0,AA37*3-N37) -> 3 | AC37: =IF(M37="APM Below",H37-45,IF(M37="APM & Above", H37-60,H37-90)) -> 45656 | AD37: =IFERROR(AC37-5,"NA") -> 45651 | AE37: =IFERROR(AD37-7,"NA") -> 45644 | AF37: =CEILING((AC37-TODAY())/7,1) -> -65 | AG37: =CEILING((AD37-TODAY())/7,1) -> -66 | AH37: =CEILING((AE37-TODAY())/7,1) -> -67 | AI37: =COUNTIFS('Profiles Tracker'!E:E,#REF!,'Profiles Tracker'!G:G,Q$1,'Profiles Tracker'!#REF!,"Week 14") -> #REF! | AJ37: =COUNTIFS('Profiles Tracker'!E:E,#REF!,'Profiles Tracker'!G:G,Q$1,'Profiles Tracker'!#REF!,"Week 15") -> #REF! | AK37: =COUNTIFS('Profiles Tracker'!E:E,#REF!,'Profiles Tracker'!G:G,Q$1,'Profiles Tracker'!#REF!,"Week 16") -> #REF! | AL37: =COUNTIFS('Profiles Tracker'!E:E,#REF!,'Profiles Tracker'!G:G,Q$1,'Profiles Tracker'!#REF!,"Week 17") -> #REF! | AM37: =COUNTIFS('Profiles Tracker'!E:E,#REF!,'Profiles Tracker'!G:G,Q$1,'Profiles Tracker'!#REF!,"Week 18") -> #REF!
A38: =ROW()-1 -> 37 | B38: ADCL | C38: Earthwork | E38: 45668 | F38: Sr.Engineers ( Earthwork ) | G38: 0 | H38: 45716 | I38: Mr. Raghu Rama Raju | J38: Mr. Ravindra Varma | K38: ANY-36 | M38: APM Below | N38: =COUNTIFS('Profiles Tracker'!E:E,#REF!,'Profiles Tracker'!G:G,"Profile shared with Interviewer") -> 0 | O38: =COUNTIFS('Profiles Tracker'!E:E,#REF!,'Profiles Tracker'!G:G,"Shortlisted for next round of interview") -> 0 | P38: =COUNTIFS('Profiles Tracker'!E:E,#REF!,'Profiles Tracker'!G:G,P$1) -> 0 | Q38: =COUNTIFS('Profiles Tracker'!E:E,#REF!,'Profiles Tracker'!G:G,Q$1) -> 0 | R38: =COUNTIFS('Profiles Tracker'!E:E,#REF!,'Profiles Tracker'!G:G,R$1) -> 0 | S38: =COUNTIFS('Profiles Tracker'!E:E,#REF!,'Profiles Tracker'!G:G,"Interview Done",'Profiles Tracker'!O:O,"Rejected") -> 0 | T38: =COUNTIFS('Profiles Tracker'!E:E,#REF!,'Profiles Tracker'!G:G,T$1) -> 0 | U38: =N38+P38+Q38+R38+S38+T38 -> 0 | V38: =IF((G38-R38-Q38)<1,0,G38-R38-Q38) -> 0 | W38: =FLOOR(G38,1) -> 0 | X38: =FLOOR(W38,1) -> 0 | Y38: =X38*3 -> 0 | Z38: =IF(W38-SUM(Q38:R38)<1,0,W38-SUM(Q38:R38)) -> 0 | AA38: =IF(X38-SUM(P38:R38)<1,0,X38-SUM(P38:R38)) -> 0 | AB38: =IF(AA38*3-N38<1,0,AA38*3-N38) -> 0 | AC38: =IF(M38="APM Below",H38-45,IF(M38="APM & Above", H38-60,H38-90)) -> 45671 | AD38: =IFERROR(AC38-5,"NA") -> 45666 | AE38: =IFERROR(AD38-7,"NA") -> 45659 | AF38: =CEILING((AC38-TODAY())/7,1) -> -63 | AG38: =CEILING((AD38-TODAY())/7,1) -> -64 | AH38: =CEILING((AE38-TODAY())/7,1) -> -65 | AI38: =COUNTIFS('Profiles Tracker'!E:E,#REF!,'Profiles Tracker'!G:G,Q$1,'Profiles Tracker'!#REF!,"Week 14") -> #REF! | AJ38: =COUNTIFS('Profiles Tracker'!E:E,#REF!,'Profiles Tracker'!G:G,Q$1,'Profiles Tracker'!#REF!,"Week 15") -> #REF! | AK38: =COUNTIFS('Profiles Tracker'!E:E,#REF!,'Profiles Tracker'!G:G,Q$1,'Profiles Tracker'!#REF!,"Week 16") -> #REF! | AL38: =COUNTIFS('Profiles Tracker'!E:E,#REF!,'Profiles Tracker'!G:G,Q$1,'Profiles Tracker'!#REF!,"Week 17") -> #REF! | AM38: =COUNTIFS('Profiles Tracker'!E:E,#REF!,'Profiles Tracker'!G:G,Q$1,'Profiles Tracker'!#REF!,"Week 18") -> #REF!
A39: =ROW()-1 -> 38 | B39: ADCL | C39: Structures | E39: 45668 | F39: Jr.Engineer ( structures) | H39: 45716 | I39: Mr. Radha Krishna (Consultant) | J39: Mr. Venu | K39: ANY-37 | M39: APM Below | N39: =COUNTIFS('Profiles Tracker'!E:E,#REF!,'Profiles Tracker'!G:G,"Profile shared with Interviewer") -> 0 | O39: =COUNTIFS('Profiles Tracker'!E:E,#REF!,'Profiles Tracker'!G:G,"Shortlisted for next round of interview") -> 0 | P39: =COUNTIFS('Profiles Tracker'!E:E,#REF!,'Profiles Tracker'!G:G,P$1) -> 0 | Q39: =COUNTIFS('Profiles Tracker'!E:E,#REF!,'Profiles Tracker'!G:G,Q$1) -> 0 | R39: =COUNTIFS('Profiles Tracker'!E:E,#REF!,'Profiles Tracker'!G:G,R$1) -> 0 | S39: =COUNTIFS('Profiles Tracker'!E:E,#REF!,'Profiles Tracker'!G:G,"Interview Done",'Profiles Tracker'!O:O,"Rejected") -> 0 | T39: =COUNTIFS('Profiles Tracker'!E:E,#REF!,'Profiles Tracker'!G:G,T$1) -> 0 | U39: =N39+P39+Q39+R39+S39+T39 -> 0 | V39: =IF((G39-R39-Q39)<1,0,G39-R39-Q39) -> 0 | W39: =FLOOR(G39,1) -> 0 | X39: =FLOOR(W39,1) -> 0 | Y39: =X39*3 -> 0 | Z39: =IF(W39-SUM(Q39:R39)<1,0,W39-SUM(Q39:R39)) -> 0 | AA39: =IF(X39-SUM(P39:R39)<1,0,X39-SUM(P39:R39)) -> 0 | AB39: =IF(AA39*3-N39<1,0,AA39*3-N39) -> 0 | AC39: =IF(M39="APM Below",H39-45,IF(M39="APM & Above", H39-60,H39-90)) -> 45671 | AD39: =IFERROR(AC39-5,"NA") -> 45666 | AE39: =IFERROR(AD39-7,"NA") -> 45659 | AF39: =CEILING((AC39-TODAY())/7,1) -> -63 | AG39: =CEILING((AD39-TODAY())/7,1) -> -64 | AH39: =CEILING((AE39-TODAY())/7,1) -> -65 | AI39: =COUNTIFS('Profiles Tracker'!E:E,#REF!,'Profiles Tracker'!G:G,Q$1,'Profiles Tracker'!#REF!,"Week 14") -> #REF! | AJ39: =COUNTIFS('Profiles Tracker'!E:E,#REF!,'Profiles Tracker'!G:G,Q$1,'Profiles Tracker'!#REF!,"Week 15") -> #REF! | AK39: =COUNTIFS('Profiles Tracker'!E:E,#REF!,'Profiles Tracker'!G:G,Q$1,'Profiles Tracker'!#REF!,"Week 16") -> #REF! | AL39: =COUNTIFS('Profiles Tracker'!E:E,#REF!,'Profiles Tracker'!G:G,Q$1,'Profiles Tracker'!#REF!,"Week 17") -> #REF! | AM39: =COUNTIFS('Profiles Tracker'!E:E,#REF!,'Profiles Tracker'!G:G,Q$1,'Profiles Tracker'!#REF!,"Week 18") -> #REF!
A40: =ROW()-1 -> 39 | B40: ADCL | E40: 45668 | F40: Supervisors | G40: 2 | H40: 45716 | I40: Mr. Madhusudhan Reddy | J40: Mr. Ravindra Varma | K40: ANY-38 | M40: APM Below | N40: =COUNTIFS('Profiles Tracker'!E:E,#REF!,'Profiles Tracker'!G:G,"Profile shared with Interviewer") -> 0 | O40: =COUNTIFS('Profiles Tracker'!E:E,#REF!,'Profiles Tracker'!G:G,"Shortlisted for next round of interview") -> 0 | P40: =COUNTIFS('Profiles Tracker'!E:E,#REF!,'Profiles Tracker'!G:G,P$1) -> 0 | Q40: =COUNTIFS('Profiles Tracker'!E:E,#REF!,'Profiles Tracker'!G:G,Q$1) -> 0 | R40: =COUNTIFS('Profiles Tracker'!E:E,#REF!,'Profiles Tracker'!G:G,R$1) -> 0 | S40: =COUNTIFS('Profiles Tracker'!E:E,#REF!,'Profiles Tracker'!G:G,"Interview Done",'Profiles Tracker'!O:O,"Rejected") -> 0 | T40: =COUNTIFS('Profiles Tracker'!E:E,#REF!,'Profiles Tracker'!G:G,T$1) -> 0 | U40: =N40+P40+Q40+R40+S40+T40 -> 0 | V40: =IF((G40-R40-Q40)<1,0,G40-R40-Q40) -> 2 | W40: =FLOOR(G40,1) -> 2 | X40: =FLOOR(W40,1) -> 2 | Y40: =X40*3 -> 6 | Z40: =IF(W40-SUM(Q40:R40)<1,0,W40-SUM(Q40:R40)) -> 2 | AA40: =IF(X40-SUM(P40:R40)<1,0,X40-SUM(P40:R40)) -> 2 | AB40: =IF(AA40*3-N40<1,0,AA40*3-N40) -> 6 | AC40: =IF(M40="APM Below",H40-45,IF(M40="APM & Above", H40-60,H40-90)) -> 45671 | AD40: =IFERROR(AC40-5,"NA") -> 45666 | AE40: =IFERROR(AD40-7,"NA") -> 45659 | AF40: =CEILING((AC40-TODAY())/7,1) -> -63 | AG40: =CEILING((AD40-TODAY())/7,1) -> -64 | AH40: =CEILING((AE40-TODAY())/7,1) -> -65 | AI40: =COUNTIFS('Profiles Tracker'!E:E,#REF!,'Profiles Tracker'!G:G,Q$1,'Profiles Tracker'!#REF!,"Week 14") -> #REF! | AJ40: =COUNTIFS('Profiles Tracker'!E:E,#REF!,'Profiles Tracker'!G:G,Q$1,'Profiles Tracker'!#REF!,"Week 15") -> #REF! | AK40: =COUNTIFS('Profiles Tracker'!E:E,#REF!,'Profiles Tracker'!G:G,Q$1,'Profiles Tracker'!#REF!,"Week 16") -> #REF! | AL40: =COUNTIFS('Profiles Tracker'!E:E,#REF!,'Profiles Tracker'!G:G,Q$1,'Profiles Tracker'!#REF!,"Week 17") -> #REF! | AM40: =COUNTIFS('Profiles Tracker'!E:E,#REF!,'Profiles Tracker'!G:G,Q$1,'Profiles Tracker'!#REF!,"Week 18") -> #REF!
A41: =ROW()-1 -> 40 | B41: ADCL | C41: Roads | E41: 45668 | F41: PM ( Structures & Roads ) | G41: 3 | H41: 45747 | I41: Mr. Raghu Rama Raju | J41: Mr. Ravindra Varma | K41: ANY-39 | M41: APM & Above | N41: =COUNTIFS('Profiles Tracker'!E:E,#REF!,'Profiles Tracker'!G:G,"Profile shared with Interviewer") -> 0 | O41: =COUNTIFS('Profiles Tracker'!E:E,#REF!,'Profiles Tracker'!G:G,"Shortlisted for next round of interview") -> 0 | P41: =COUNTIFS('Profiles Tracker'!E:E,#REF!,'Profiles Tracker'!G:G,P$1) -> 0 | Q41: =COUNTIFS('Profiles Tracker'!E:E,#REF!,'Profiles Tracker'!G:G,Q$1) -> 0 | R41: =COUNTIFS('Profiles Tracker'!E:E,#REF!,'Profiles Tracker'!G:G,R$1) -> 0 | S41: =COUNTIFS('Profiles Tracker'!E:E,#REF!,'Profiles Tracker'!G:G,"Interview Done",'Profiles Tracker'!O:O,"Rejected") -> 0 | T41: =COUNTIFS('Profiles Tracker'!E:E,#REF!,'Profiles Tracker'!G:G,T$1) -> 0 | U41: =N41+P41+Q41+R41+S41+T41 -> 0 | V41: =IF((G41-R41-Q41)<1,0,G41-R41-Q41) -> 3 | W41: =FLOOR(G41,1) -> 3 | X41: =FLOOR(W41,1) -> 3 | Y41: =X41*3 -> 9 | Z41: =IF(W41-SUM(Q41:R41)<1,0,W41-SUM(Q41:R41)) -> 3 | AA41: =IF(X41-SUM(P41:R41)<1,0,X41-SUM(P41:R41)) -> 3 | AB41: =IF(AA41*3-N41<1,0,AA41*3-N41) -> 9 | AC41: =IF(M41="APM Below",H41-45,IF(M41="APM & Above", H41-60,H41-90)) -> 45687 | AD41: =IFERROR(AC41-5,"NA") -> 45682 | AE41: =IFERROR(AD41-7,"NA") -> 45675 | AF41: =CEILING((AC41-TODAY())/7,1) -> -61 | AG41: =CEILING((AD41-TODAY())/7,1) -> -61 | AH41: =CEILING((AE41-TODAY())/7,1) -> -62 | AI41: =COUNTIFS('Profiles Tracker'!E:E,#REF!,'Profiles Tracker'!G:G,Q$1,'Profiles Tracker'!#REF!,"Week 14") -> #REF! | AJ41: =COUNTIFS('Profiles Tracker'!E:E,#REF!,'Profiles Tracker'!G:G,Q$1,'Profiles Tracker'!#REF!,"Week 15") -> #REF! | AK41: =COUNTIFS('Profiles Tracker'!E:E,#REF!,'Profiles Tracker'!G:G,Q$1,'Profiles Tracker'!#REF!,"Week 16") -> #REF! | AL41: =COUNTIFS('Profiles Tracker'!E:E,#REF!,'Profiles Tracker'!G:G,Q$1,'Profiles Tracker'!#REF!,"Week 17") -> #REF! | AM41: =COUNTIFS('Profiles Tracker'!E:E,#REF!,'Profiles Tracker'!G:G,Q$1,'Profiles Tracker'!#REF!,"Week 18") -> #REF!
A42: =ROW()-1 -> 41 | B42: ADCL | C42: Structures | E42: 45668 | F42: DPM Structures | G42: 0 | H42: 45747 | I42: Mr. Raghu Rama Raju | J42: Mr. Ravindra Varma | K42: ANY-40 | M42: APM & Above | N42: =COUNTIFS('Profiles Tracker'!E:E,#REF!,'Profiles Tracker'!G:G,"Profile shared with Interviewer") -> 0 | O42: =COUNTIFS('Profiles Tracker'!E:E,#REF!,'Profiles Tracker'!G:G,"Shortlisted for next round of interview") -> 0 | P42: =COUNTIFS('Profiles Tracker'!E:E,#REF!,'Profiles Tracker'!G:G,P$1) -> 0 | Q42: =COUNTIFS('Profiles Tracker'!E:E,#REF!,'Profiles Tracker'!G:G,Q$1) -> 0 | R42: =COUNTIFS('Profiles Tracker'!E:E,#REF!,'Profiles Tracker'!G:G,R$1) -> 0 | S42: =COUNTIFS('Profiles Tracker'!E:E,#REF!,'Profiles Tracker'!G:G,"Interview Done",'Profiles Tracker'!O:O,"Rejected") -> 0 | T42: =COUNTIFS('Profiles Tracker'!E:E,#REF!,'Profiles Tracker'!G:G,T$1) -> 0 | U42: =N42+P42+Q42+R42+S42+T42 -> 0 | V42: =IF((G42-R42-Q42)<1,0,G42-R42-Q42) -> 0 | W42: =FLOOR(G42,1) -> 0 | X42: =FLOOR(W42,1) -> 0 | Y42: =X42*3 -> 0 | Z42: =IF(W42-SUM(Q42:R42)<1,0,W42-SUM(Q42:R42)) -> 0 | AA42: =IF(X42-SUM(P42:R42)<1,0,X42-SUM(P42:R42)) -> 0 | AB42: =IF(AA42*3-N42<1,0,AA42*3-N42) -> 0 | AC42: =IF(M42="APM Below",H42-45,IF(M42="APM & Above", H42-60,H42-90)) -> 45687 | AD42: =IFERROR(AC42-5,"NA") -> 45682 | AE42: =IFERROR(AD42-7,"NA") -> 45675 | AF42: =CEILING((AC42-TODAY())/7,1) -> -61 | AG42: =CEILING((AD42-TODAY())/7,1) -> -61 | AH42: =CEILING((AE42-TODAY())/7,1) -> -62 | AI42: =COUNTIFS('Profiles Tracker'!E:E,#REF!,'Profiles Tracker'!G:G,Q$1,'Profiles Tracker'!#REF!,"Week 14") -> #REF! | AJ42: =COUNTIFS('Profiles Tracker'!E:E,#REF!,'Profiles Tracker'!G:G,Q$1,'Profiles Tracker'!#REF!,"Week 15") -> #REF! | AK42: =COUNTIFS('Profiles Tracker'!E:E,#REF!,'Profiles Tracker'!G:G,Q$1,'Profiles Tracker'!#REF!,"Week 16") -> #REF! | AL42: =COUNTIFS('Profiles Tracker'!E:E,#REF!,'Profiles Tracker'!G:G,Q$1,'Profiles Tracker'!#REF!,"Week 17") -> #REF! | AM42: =COUNTIFS('Profiles Tracker'!E:E,#REF!,'Profiles Tracker'!G:G,Q$1,'Profiles Tracker'!#REF!,"Week 18") -> #REF!
A43: =ROW()-1 -> 42 | B43: ADCL | C43: Roads | E43: 45668 | F43: DPM Roads | G43: 0 | H43: 45747 | I43: Mr. Raghu Rama Raju | J43: Mr. Ravindra Varma | K43: ANY-41 | M43: APM & Above | N43: =COUNTIFS('Profiles Tracker'!E:E,#REF!,'Profiles Tracker'!G:G,"Profile shared with Interviewer") -> 0 | O43: =COUNTIFS('Profiles Tracker'!E:E,#REF!,'Profiles Tracker'!G:G,"Shortlisted for next round of interview") -> 0 | P43: =COUNTIFS('Profiles Tracker'!E:E,#REF!,'Profiles Tracker'!G:G,P$1) -> 0 | Q43: =COUNTIFS('Profiles Tracker'!E:E,#REF!,'Profiles Tracker'!G:G,Q$1) -> 0 | R43: =COUNTIFS('Profiles Tracker'!E:E,#REF!,'Profiles Tracker'!G:G,R$1) -> 0 | S43: =COUNTIFS('Profiles Tracker'!E:E,#REF!,'Profiles Tracker'!G:G,"Interview Done",'Profiles Tracker'!O:O,"Rejected") -> 0 | T43: =COUNTIFS('Profiles Tracker'!E:E,#REF!,'Profiles Tracker'!G:G,T$1) -> 0 | U43: =N43+P43+Q43+R43+S43+T43 -> 0 | V43: =IF((G43-R43-Q43)<1,0,G43-R43-Q43) -> 0 | W43: =FLOOR(G43,1) -> 0 | X43: =FLOOR(W43,1) -> 0 | Y43: =X43*3 -> 0 | Z43: =IF(W43-SUM(Q43:R43)<1,0,W43-SUM(Q43:R43)) -> 0 | AA43: =IF(X43-SUM(P43:R43)<1,0,X43-SUM(P43:R43)) -> 0 | AB43: =IF(AA43*3-N43<1,0,AA43*3-N43) -> 0 | AC43: =IF(M43="APM Below",H43-45,IF(M43="APM & Above", H43-60,H43-90)) -> 45687 | AD43: =IFERROR(AC43-5,"NA") -> 45682 | AE43: =IFERROR(AD43-7,"NA") -> 45675 | AF43: =CEILING((AC43-TODAY())/7,1) -> -61 | AG43: =CEILING((AD43-TODAY())/7,1) -> -61 | AH43: =CEILING((AE43-TODAY())/7,1) -> -62 | AI43: =COUNTIFS('Profiles Tracker'!E:E,#REF!,'Profiles Tracker'!G:G,Q$1,'Profiles Tracker'!#REF!,"Week 14") -> #REF! | AJ43: =COUNTIFS('Profiles Tracker'!E:E,#REF!,'Profiles Tracker'!G:G,Q$1,'Profiles Tracker'!#REF!,"Week 15") -> #REF! | AK43: =COUNTIFS('Profiles Tracker'!E:E,#REF!,'Profiles Tracker'!G:G,Q$1,'Profiles Tracker'!#REF!,"Week 16") -> #REF! | AL43: =COUNTIFS('Profiles Tracker'!E:E,#REF!,'Profiles Tracker'!G:G,Q$1,'Profiles Tracker'!#REF!,"Week 17") -> #REF! | AM43: =COUNTIFS('Profiles Tracker'!E:E,#REF!,'Profiles Tracker'!G:G,Q$1,'Profiles Tracker'!#REF!,"Week 18") -> #REF!
A44: =ROW()-1 -> 43 | B44: ADCL | C44: Roads | E44: 45668 | F44: Sr.Engineer ( Roads & Miscellaneous ) | G44: 0 | H44: 45747 | I44: Mr. Varaprasad (Consultant) | J44: Mr. Ravindra Varma | K44: ANY-42 | M44: APM Below | N44: =COUNTIFS('Profiles Tracker'!E:E,#REF!,'Profiles Tracker'!G:G,"Profile shared with Interviewer") -> 0 | O44: =COUNTIFS('Profiles Tracker'!E:E,#REF!,'Profiles Tracker'!G:G,"Shortlisted for next round of interview") -> 0 | P44: =COUNTIFS('Profiles Tracker'!E:E,#REF!,'Profiles Tracker'!G:G,P$1) -> 0 | Q44: =COUNTIFS('Profiles Tracker'!E:E,#REF!,'Profiles Tracker'!G:G,Q$1) -> 0 | R44: =COUNTIFS('Profiles Tracker'!E:E,#REF!,'Profiles Tracker'!G:G,R$1) -> 0 | S44: =COUNTIFS('Profiles Tracker'!E:E,#REF!,'Profiles Tracker'!G:G,"Interview Done",'Profiles Tracker'!O:O,"Rejected") -> 0 | T44: =COUNTIFS('Profiles Tracker'!E:E,#REF!,'Profiles Tracker'!G:G,T$1) -> 0 | U44: =N44+P44+Q44+R44+S44+T44 -> 0 | V44: =IF((G44-R44-Q44)<1,0,G44-R44-Q44) -> 0 | W44: =FLOOR(G44,1) -> 0 | X44: =FLOOR(W44,1) -> 0 | Y44: =X44*3 -> 0 | Z44: =IF(W44-SUM(Q44:R44)<1,0,W44-SUM(Q44:R44)) -> 0 | AA44: =IF(X44-SUM(P44:R44)<1,0,X44-SUM(P44:R44)) -> 0 | AB44: =IF(AA44*3-N44<1,0,AA44*3-N44) -> 0 | AC44: =IF(M44="APM Below",H44-45,IF(M44="APM & Above", H44-60,H44-90)) -> 45702 | AD44: =IFERROR(AC44-5,"NA") -> 45697 | AE44: =IFERROR(AD44-7,"NA") -> 45690 | AF44: =CEILING((AC44-TODAY())/7,1) -> -59 | AG44: =CEILING((AD44-TODAY())/7,1) -> -59 | AH44: =CEILING((AE44-TODAY())/7,1) -> -60 | AI44: =COUNTIFS('Profiles Tracker'!E:E,#REF!,'Profiles Tracker'!G:G,Q$1,'Profiles Tracker'!#REF!,"Week 14") -> #REF! | AJ44: =COUNTIFS('Profiles Tracker'!E:E,#REF!,'Profiles Tracker'!G:G,Q$1,'Profiles Tracker'!#REF!,"Week 15") -> #REF! | AK44: =COUNTIFS('Profiles Tracker'!E:E,#REF!,'Profiles Tracker'!G:G,Q$1,'Profiles Tracker'!#REF!,"Week 16") -> #REF! | AL44: =COUNTIFS('Profiles Tracker'!E:E,#REF!,'Profiles Tracker'!G:G,Q$1,'Profiles Tracker'!#REF!,"Week 17") -> #REF! | AM44: =COUNTIFS('Profiles Tracker'!E:E,#REF!,'Profiles Tracker'!G:G,Q$1,'Profiles Tracker'!#REF!,"Week 18") -> #REF!
A45: =ROW()-1 -> 44 | B45: ADCL | C45: Roads | E45: 45668 | F45: Engineers ( Roads ) | H45: 45747 | I45: Mr. Varaprasad (Consultant) | J45: Mr. Ravindra Varma | K45: ANY-43 | M45: APM Below | N45: =COUNTIFS('Profiles Tracker'!E:E,#REF!,'Profiles Tracker'!G:G,"Profile shared with Interviewer") -> 0 | O45: =COUNTIFS('Profiles Tracker'!E:E,#REF!,'Profiles Tracker'!G:G,"Shortlisted for next round of interview") -> 0 | P45: =COUNTIFS('Profiles Tracker'!E:E,#REF!,'Profiles Tracker'!G:G,P$1) -> 0 | Q45: =COUNTIFS('Profiles Tracker'!E:E,#REF!,'Profiles Tracker'!G:G,Q$1) -> 0 | R45: =COUNTIFS('Profiles Tracker'!E:E,#REF!,'Profiles Tracker'!G:G,R$1) -> 0 | S45: =COUNTIFS('Profiles Tracker'!E:E,#REF!,'Profiles Tracker'!G:G,"Interview Done",'Profiles Tracker'!O:O,"Rejected") -> 0 | T45: =COUNTIFS('Profiles Tracker'!E:E,#REF!,'Profiles Tracker'!G:G,T$1) -> 0 | U45: =N45+P45+Q45+R45+S45+T45 -> 0 | V45: =IF((G45-R45-Q45)<1,0,G45-R45-Q45) -> 0 | W45: =FLOOR(G45,1) -> 0 | X45: =FLOOR(W45,1) -> 0 | Y45: =X45*3 -> 0 | Z45: =IF(W45-SUM(Q45:R45)<1,0,W45-SUM(Q45:R45)) -> 0 | AA45: =IF(X45-SUM(P45:R45)<1,0,X45-SUM(P45:R45)) -> 0 | AB45: =IF(AA45*3-N45<1,0,AA45*3-N45) -> 0 | AC45: =IF(M45="APM Below",H45-45,IF(M45="APM & Above", H45-60,H45-90)) -> 45702 | AD45: =IFERROR(AC45-5,"NA") -> 45697 | AE45: =IFERROR(AD45-7,"NA") -> 45690 | AF45: =CEILING((AC45-TODAY())/7,1) -> -59 | AG45: =CEILING((AD45-TODAY())/7,1) -> -59 | AH45: =CEILING((AE45-TODAY())/7,1) -> -60 | AI45: =COUNTIFS('Profiles Tracker'!E:E,#REF!,'Profiles Tracker'!G:G,Q$1,'Profiles Tracker'!#REF!,"Week 14") -> #REF! | AJ45: =COUNTIFS('Profiles Tracker'!E:E,#REF!,'Profiles Tracker'!G:G,Q$1,'Profiles Tracker'!#REF!,"Week 15") -> #REF! | AK45: =COUNTIFS('Profiles Tracker'!E:E,#REF!,'Profiles Tracker'!G:G,Q$1,'Profiles Tracker'!#REF!,"Week 16") -> #REF! | AL45: =COUNTIFS('Profiles Tracker'!E:E,#REF!,'Profiles Tracker'!G:G,Q$1,'Profiles Tracker'!#REF!,"Week 17") -> #REF! | AM45: =COUNTIFS('Profiles Tracker'!E:E,#REF!,'Profiles Tracker'!G:G,Q$1,'Profiles Tracker'!#REF!,"Week 18") -> #REF!
A46: =ROW()-1 -> 45 | B46: ADCL | C46: Structures | E46: 45668 | F46: Jr.Engineer ( structures) | H46: 45747 | I46: Mr. Radha Krishna (Consultant) | J46: Mr. Venu | K46: ANY-44 | M46: APM Below | N46: =COUNTIFS('Profiles Tracker'!E:E,#REF!,'Profiles Tracker'!G:G,"Profile shared with Interviewer") -> 0 | O46: =COUNTIFS('Profiles Tracker'!E:E,#REF!,'Profiles Tracker'!G:G,"Shortlisted for next round of interview") -> 0 | P46: =COUNTIFS('Profiles Tracker'!E:E,#REF!,'Profiles Tracker'!G:G,P$1) -> 0 | Q46: =COUNTIFS('Profiles Tracker'!E:E,#REF!,'Profiles Tracker'!G:G,Q$1) -> 0 | R46: =COUNTIFS('Profiles Tracker'!E:E,#REF!,'Profiles Tracker'!G:G,R$1) -> 0 | S46: =COUNTIFS('Profiles Tracker'!E:E,#REF!,'Profiles Tracker'!G:G,"Interview Done",'Profiles Tracker'!O:O,"Rejected") -> 0 | T46: =COUNTIFS('Profiles Tracker'!E:E,#REF!,'Profiles Tracker'!G:G,T$1) -> 0 | U46: =N46+P46+Q46+R46+S46+T46 -> 0 | V46: =IF((G46-R46-Q46)<1,0,G46-R46-Q46) -> 0 | W46: =FLOOR(G46,1) -> 0 | X46: =FLOOR(W46,1) -> 0 | Y46: =X46*3 -> 0 | Z46: =IF(W46-SUM(Q46:R46)<1,0,W46-SUM(Q46:R46)) -> 0 | AA46: =IF(X46-SUM(P46:R46)<1,0,X46-SUM(P46:R46)) -> 0 | AB46: =IF(AA46*3-N46<1,0,AA46*3-N46) -> 0 | AC46: =IF(M46="APM Below",H46-45,IF(M46="APM & Above", H46-60,H46-90)) -> 45702 | AD46: =IFERROR(AC46-5,"NA") -> 45697 | AE46: =IFERROR(AD46-7,"NA") -> 45690 | AF46: =CEILING((AC46-TODAY())/7,1) -> -59 | AG46: =CEILING((AD46-TODAY())/7,1) -> -59 | AH46: =CEILING((AE46-TODAY())/7,1) -> -60 | AI46: =COUNTIFS('Profiles Tracker'!E:E,#REF!,'Profiles Tracker'!G:G,Q$1,'Profiles Tracker'!#REF!,"Week 14") -> #REF! | AJ46: =COUNTIFS('Profiles Tracker'!E:E,#REF!,'Profiles Tracker'!G:G,Q$1,'Profiles Tracker'!#REF!,"Week 15") -> #REF! | AK46: =COUNTIFS('Profiles Tracker'!E:E,#REF!,'Profiles Tracker'!G:G,Q$1,'Profiles Tracker'!#REF!,"Week 16") -> #REF! | AL46: =COUNTIFS('Profiles Tracker'!E:E,#REF!,'Profiles Tracker'!G:G,Q$1,'Profiles Tracker'!#REF!,"Week 17") -> #REF! | AM46: =COUNTIFS('Profiles Tracker'!E:E,#REF!,'Profiles Tracker'!G:G,Q$1,'Profiles Tracker'!#REF!,"Week 18") -> #REF!
A47: =ROW()-1 -> 46 | B47: ADCL | C47: Roads | E47: 45668 | F47: Jr. Engineer ( Roads ) | H47: 45747 | I47: Mr. Varaprasad (Consultant) | J47: Mr. Ravindra Varma | K47: ANY-45 | M47: APM Below | N47: =COUNTIFS('Profiles Tracker'!E:E,#REF!,'Profiles Tracker'!G:G,"Profile shared with Interviewer") -> 0 | O47: =COUNTIFS('Profiles Tracker'!E:E,#REF!,'Profiles Tracker'!G:G,"Shortlisted for next round of interview") -> 0 | P47: =COUNTIFS('Profiles Tracker'!E:E,#REF!,'Profiles Tracker'!G:G,P$1) -> 0 | Q47: =COUNTIFS('Profiles Tracker'!E:E,#REF!,'Profiles Tracker'!G:G,Q$1) -> 0 | R47: =COUNTIFS('Profiles Tracker'!E:E,#REF!,'Profiles Tracker'!G:G,R$1) -> 0 | S47: =COUNTIFS('Profiles Tracker'!E:E,#REF!,'Profiles Tracker'!G:G,"Interview Done",'Profiles Tracker'!O:O,"Rejected") -> 0 | T47: =COUNTIFS('Profiles Tracker'!E:E,#REF!,'Profiles Tracker'!G:G,T$1) -> 0 | U47: =N47+P47+Q47+R47+S47+T47 -> 0 | V47: =IF((G47-R47-Q47)<1,0,G47-R47-Q47) -> 0 | W47: =FLOOR(G47,1) -> 0 | X47: =FLOOR(W47,1) -> 0 | Y47: =X47*3 -> 0 | Z47: =IF(W47-SUM(Q47:R47)<1,0,W47-SUM(Q47:R47)) -> 0 | AA47: =IF(X47-SUM(P47:R47)<1,0,X47-SUM(P47:R47)) -> 0 | AB47: =IF(AA47*3-N47<1,0,AA47*3-N47) -> 0 | AC47: =IF(M47="APM Below",H47-45,IF(M47="APM & Above", H47-60,H47-90)) -> 45702 | AD47: =IFERROR(AC47-5,"NA") -> 45697 | AE47: =IFERROR(AD47-7,"NA") -> 45690 | AF47: =CEILING((AC47-TODAY())/7,1) -> -59 | AG47: =CEILING((AD47-TODAY())/7,1) -> -59 | AH47: =CEILING((AE47-TODAY())/7,1) -> -60 | AI47: =COUNTIFS('Profiles Tracker'!E:E,#REF!,'Profiles Tracker'!G:G,Q$1,'Profiles Tracker'!#REF!,"Week 14") -> #REF! | AJ47: =COUNTIFS('Profiles Tracker'!E:E,#REF!,'Profiles Tracker'!G:G,Q$1,'Profiles Tracker'!#REF!,"Week 15") -> #REF! | AK47: =COUNTIFS('Profiles Tracker'!E:E,#REF!,'Profiles Tracker'!G:G,Q$1,'Profiles Tracker'!#REF!,"Week 16") -> #REF! | AL47: =COUNTIFS('Profiles Tracker'!E:E,#REF!,'Profiles Tracker'!G:G,Q$1,'Profiles Tracker'!#REF!,"Week 17") -> #REF! | AM47: =COUNTIFS('Profiles Tracker'!E:E,#REF!,'Profiles Tracker'!G:G,Q$1,'Profiles Tracker'!#REF!,"Week 18") -> #REF!
A48: =ROW()-1 -> 47 | B48: ADCL | E48: 45668 | F48: Surveyors | H48: 45747 | I48: Mr. Swaroop (Consultant) | J48: Mr. Srinivas | K48: ANY-46 | M48: APM Below | N48: =COUNTIFS('Profiles Tracker'!E:E,#REF!,'Profiles Tracker'!G:G,"Profile shared with Interviewer") -> 0 | O48: =COUNTIFS('Profiles Tracker'!E:E,#REF!,'Profiles Tracker'!G:G,"Shortlisted for next round of interview") -> 0 | P48: =COUNTIFS('Profiles Tracker'!E:E,#REF!,'Profiles Tracker'!G:G,P$1) -> 0 | Q48: =COUNTIFS('Profiles Tracker'!E:E,#REF!,'Profiles Tracker'!G:G,Q$1) -> 0 | R48: =COUNTIFS('Profiles Tracker'!E:E,#REF!,'Profiles Tracker'!G:G,R$1) -> 0 | S48: =COUNTIFS('Profiles Tracker'!E:E,#REF!,'Profiles Tracker'!G:G,"Interview Done",'Profiles Tracker'!O:O,"Rejected") -> 0 | T48: =COUNTIFS('Profiles Tracker'!E:E,#REF!,'Profiles Tracker'!G:G,T$1) -> 0 | U48: =N48+P48+Q48+R48+S48+T48 -> 0 | V48: =IF((G48-R48-Q48)<1,0,G48-R48-Q48) -> 0 | W48: =FLOOR(G48,1) -> 0 | X48: =FLOOR(W48,1) -> 0 | Y48: =X48*3 -> 0 | Z48: =IF(W48-SUM(Q48:R48)<1,0,W48-SUM(Q48:R48)) -> 0 | AA48: =IF(X48-SUM(P48:R48)<1,0,X48-SUM(P48:R48)) -> 0 | AB48: =IF(AA48*3-N48<1,0,AA48*3-N48) -> 0 | AC48: =IF(M48="APM Below",H48-45,IF(M48="APM & Above", H48-60,H48-90)) -> 45702 | AD48: =IFERROR(AC48-5,"NA") -> 45697 | AE48: =IFERROR(AD48-7,"NA") -> 45690 | AF48: =CEILING((AC48-TODAY())/7,1) -> -59 | AG48: =CEILING((AD48-TODAY())/7,1) -> -59 | AH48: =CEILING((AE48-TODAY())/7,1) -> -60 | AI48: =COUNTIFS('Profiles Tracker'!E:E,#REF!,'Profiles Tracker'!G:G,Q$1,'Profiles Tracker'!#REF!,"Week 14") -> #REF! | AJ48: =COUNTIFS('Profiles Tracker'!E:E,#REF!,'Profiles Tracker'!G:G,Q$1,'Profiles Tracker'!#REF!,"Week 15") -> #REF! | AK48: =COUNTIFS('Profiles Tracker'!E:E,#REF!,'Profiles Tracker'!G:G,Q$1,'Profiles Tracker'!#REF!,"Week 16") -> #REF! | AL48: =COUNTIFS('Profiles Tracker'!E:E,#REF!,'Profiles Tracker'!G:G,Q$1,'Profiles Tracker'!#REF!,"Week 17") -> #REF! | AM48: =COUNTIFS('Profiles Tracker'!E:E,#REF!,'Profiles Tracker'!G:G,Q$1,'Profiles Tracker'!#REF!,"Week 18") -> #REF!
A49: =ROW()-1 -> 48 | B49: ADCL | E49: 45668 | F49: Supervisors | G49: 6 | H49: 45747 | I49: Mr. Varaprasad (Consultant) | J49: Mr. Ravindra Varma | K49: ANY-47 | M49: APM Below | N49: =COUNTIFS('Profiles Tracker'!E:E,#REF!,'Profiles Tracker'!G:G,"Profile shared with Interviewer") -> 0 | O49: =COUNTIFS('Profiles Tracker'!E:E,#REF!,'Profiles Tracker'!G:G,"Shortlisted for next round of interview") -> 0 | P49: =COUNTIFS('Profiles Tracker'!E:E,#REF!,'Profiles Tracker'!G:G,P$1) -> 0 | Q49: =COUNTIFS('Profiles Tracker'!E:E,#REF!,'Profiles Tracker'!G:G,Q$1) -> 0 | R49: =COUNTIFS('Profiles Tracker'!E:E,#REF!,'Profiles Tracker'!G:G,R$1) -> 0 | S49: =COUNTIFS('Profiles Tracker'!E:E,#REF!,'Profiles Tracker'!G:G,"Interview Done",'Profiles Tracker'!O:O,"Rejected") -> 0 | T49: =COUNTIFS('Profiles Tracker'!E:E,#REF!,'Profiles Tracker'!G:G,T$1) -> 0 | U49: =N49+P49+Q49+R49+S49+T49 -> 0 | V49: =IF((G49-R49-Q49)<1,0,G49-R49-Q49) -> 6 | W49: =FLOOR(G49,1) -> 6 | X49: =FLOOR(W49,1) -> 6 | Y49: =X49*3 -> 18 | Z49: =IF(W49-SUM(Q49:R49)<1,0,W49-SUM(Q49:R49)) -> 6 | AA49: =IF(X49-SUM(P49:R49)<1,0,X49-SUM(P49:R49)) -> 6 | AB49: =IF(AA49*3-N49<1,0,AA49*3-N49) -> 18 | AC49: =IF(M49="APM Below",H49-45,IF(M49="APM & Above", H49-60,H49-90)) -> 45702 | AD49: =IFERROR(AC49-5,"NA") -> 45697 | AE49: =IFERROR(AD49-7,"NA") -> 45690 | AF49: =CEILING((AC49-TODAY())/7,1) -> -59 | AG49: =CEILING((AD49-TODAY())/7,1) -> -59 | AH49: =CEILING((AE49-TODAY())/7,1) -> -60 | AI49: =COUNTIFS('Profiles Tracker'!E:E,#REF!,'Profiles Tracker'!G:G,Q$1,'Profiles Tracker'!#REF!,"Week 14") -> #REF! | AJ49: =COUNTIFS('Profiles Tracker'!E:E,#REF!,'Profiles Tracker'!G:G,Q$1,'Profiles Tracker'!#REF!,"Week 15") -> #REF! | AK49: =COUNTIFS('Profiles Tracker'!E:E,#REF!,'Profiles Tracker'!G:G,Q$1,'Profiles Tracker'!#REF!,"Week 16") -> #REF! | AL49: =COUNTIFS('Profiles Tracker'!E:E,#REF!,'Profiles Tracker'!G:G,Q$1,'Profiles Tracker'!#REF!,"Week 17") -> #REF! | AM49: =COUNTIFS('Profiles Tracker'!E:E,#REF!,'Profiles Tracker'!G:G,Q$1,'Profiles Tracker'!#REF!,"Week 18") -> #REF!
A50: =ROW()-1 -> 49 | B50: ADCL | C50: Safety | E50: 45668 | F50: Safety Officers | H50: 45747 | I50: Mr. Palem Krishna Reddy | J50: Mr. Ravindra Varma | K50: ANY-48 | M50: APM Below | N50: =COUNTIFS('Profiles Tracker'!E:E,#REF!,'Profiles Tracker'!G:G,"Profile shared with Interviewer") -> 0 | O50: =COUNTIFS('Profiles Tracker'!E:E,#REF!,'Profiles Tracker'!G:G,"Shortlisted for next round of interview") -> 0 | P50: =COUNTIFS('Profiles Tracker'!E:E,#REF!,'Profiles Tracker'!G:G,P$1) -> 0 | Q50: =COUNTIFS('Profiles Tracker'!E:E,#REF!,'Profiles Tracker'!G:G,Q$1) -> 0 | R50: =COUNTIFS('Profiles Tracker'!E:E,#REF!,'Profiles Tracker'!G:G,R$1) -> 0 | S50: =COUNTIFS('Profiles Tracker'!E:E,#REF!,'Profiles Tracker'!G:G,"Interview Done",'Profiles Tracker'!O:O,"Rejected") -> 0 | T50: =COUNTIFS('Profiles Tracker'!E:E,#REF!,'Profiles Tracker'!G:G,T$1) -> 0 | U50: =N50+P50+Q50+R50+S50+T50 -> 0 | V50: =IF((G50-R50-Q50)<1,0,G50-R50-Q50) -> 0 | W50: =FLOOR(G50,1) -> 0 | X50: =FLOOR(W50,1) -> 0 | Y50: =X50*3 -> 0 | Z50: =IF(W50-SUM(Q50:R50)<1,0,W50-SUM(Q50:R50)) -> 0 | AA50: =IF(X50-SUM(P50:R50)<1,0,X50-SUM(P50:R50)) -> 0 | AB50: =IF(AA50*3-N50<1,0,AA50*3-N50) -> 0 | AC50: =IF(M50="APM Below",H50-45,IF(M50="APM & Above", H50-60,H50-90)) -> 45702 | AD50: =IFERROR(AC50-5,"NA") -> 45697 | AE50: =IFERROR(AD50-7,"NA") -> 45690 | AF50: =CEILING((AC50-TODAY())/7,1) -> -59 | AG50: =CEILING((AD50-TODAY())/7,1) -> -59 | AH50: =CEILING((AE50-TODAY())/7,1) -> -60 | AI50: =COUNTIFS('Profiles Tracker'!E:E,#REF!,'Profiles Tracker'!G:G,Q$1,'Profiles Tracker'!#REF!,"Week 14") -> #REF! | AJ50: =COUNTIFS('Profiles Tracker'!E:E,#REF!,'Profiles Tracker'!G:G,Q$1,'Profiles Tracker'!#REF!,"Week 15") -> #REF! | AK50: =COUNTIFS('Profiles Tracker'!E:E,#REF!,'Profiles Tracker'!G:G,Q$1,'Profiles Tracker'!#REF!,"Week 16") -> #REF! | AL50: =COUNTIFS('Profiles Tracker'!E:E,#REF!,'Profiles Tracker'!G:G,Q$1,'Profiles Tracker'!#REF!,"Week 17") -> #REF! | AM50: =COUNTIFS('Profiles Tracker'!E:E,#REF!,'Profiles Tracker'!G:G,Q$1,'Profiles Tracker'!#REF!,"Week 18") -> #REF!
A51: =ROW()-1 -> 50 | B51: ADCL | C51: QC | E51: 45668 | F51: Asst Engineer - QC | H51: 45747 | I51: Mr. Venkata Reddy/ Mr. Nagaraju Matham (Consultants) | J51: Mr. Ravindra Varma | K51: ANY-50 | M51: APM Below | N51: =COUNTIFS('Profiles Tracker'!E:E,#REF!,'Profiles Tracker'!G:G,"Profile shared with Interviewer") -> 0 | O51: =COUNTIFS('Profiles Tracker'!E:E,#REF!,'Profiles Tracker'!G:G,"Shortlisted for next round of interview") -> 0 | P51: =COUNTIFS('Profiles Tracker'!E:E,#REF!,'Profiles Tracker'!G:G,P$1) -> 0 | Q51: =COUNTIFS('Profiles Tracker'!E:E,#REF!,'Profiles Tracker'!G:G,Q$1) -> 0 | R51: =COUNTIFS('Profiles Tracker'!E:E,#REF!,'Profiles Tracker'!G:G,R$1) -> 0 | S51: =COUNTIFS('Profiles Tracker'!E:E,#REF!,'Profiles Tracker'!G:G,"Interview Done",'Profiles Tracker'!O:O,"Rejected") -> 0 | T51: =COUNTIFS('Profiles Tracker'!E:E,#REF!,'Profiles Tracker'!G:G,T$1) -> 0 | U51: =N51+P51+Q51+R51+S51+T51 -> 0 | V51: =IF((G51-R51-Q51)<1,0,G51-R51-Q51) -> 0 | W51: =FLOOR(G51,1) -> 0 | X51: =FLOOR(W51,1) -> 0 | Y51: =X51*3 -> 0 | Z51: =IF(W51-SUM(Q51:R51)<1,0,W51-SUM(Q51:R51)) -> 0 | AA51: =IF(X51-SUM(P51:R51)<1,0,X51-SUM(P51:R51)) -> 0 | AB51: =IF(AA51*3-N51<1,0,AA51*3-N51) -> 0 | AC51: =IF(M51="APM Below",H51-45,IF(M51="APM & Above", H51-60,H51-90)) -> 45702 | AD51: =IFERROR(AC51-5,"NA") -> 45697 | AE51: =IFERROR(AD51-7,"NA") -> 45690 | AF51: =CEILING((AC51-TODAY())/7,1) -> -59 | AG51: =CEILING((AD51-TODAY())/7,1) -> -59 | AH51: =CEILING((AE51-TODAY())/7,1) -> -60 | AI51: =COUNTIFS('Profiles Tracker'!E:E,#REF!,'Profiles Tracker'!G:G,Q$1,'Profiles Tracker'!#REF!,"Week 14") -> #REF! | AJ51: =COUNTIFS('Profiles Tracker'!E:E,#REF!,'Profiles Tracker'!G:G,Q$1,'Profiles Tracker'!#REF!,"Week 15") -> #REF! | AK51: =COUNTIFS('Profiles Tracker'!E:E,#REF!,'Profiles Tracker'!G:G,Q$1,'Profiles Tracker'!#REF!,"Week 16") -> #REF! | AL51: =COUNTIFS('Profiles Tracker'!E:E,#REF!,'Profiles Tracker'!G:G,Q$1,'Profiles Tracker'!#REF!,"Week 17") -> #REF! | AM51: =COUNTIFS('Profiles Tracker'!E:E,#REF!,'Profiles Tracker'!G:G,Q$1,'Profiles Tracker'!#REF!,"Week 18") -> #REF!
A52: =ROW()-1 -> 51 | B52: ADCL | C52: QC | E52: 45668 | F52: Technicians | H52: 45747 | I52: Mr. Venkata Reddy/ Mr. Nagaraju Matham (Consultants) | J52: Mr. Ravindra Varma | K52: ANY-51 | M52: APM Below | N52: =COUNTIFS('Profiles Tracker'!E:E,#REF!,'Profiles Tracker'!G:G,"Profile shared with Interviewer") -> 0 | O52: =COUNTIFS('Profiles Tracker'!E:E,#REF!,'Profiles Tracker'!G:G,"Shortlisted for next round of interview") -> 0 | P52: =COUNTIFS('Profiles Tracker'!E:E,#REF!,'Profiles Tracker'!G:G,P$1) -> 0 | Q52: =COUNTIFS('Profiles Tracker'!E:E,#REF!,'Profiles Tracker'!G:G,Q$1) -> 0 | R52: =COUNTIFS('Profiles Tracker'!E:E,#REF!,'Profiles Tracker'!G:G,R$1) -> 0 | S52: =COUNTIFS('Profiles Tracker'!E:E,#REF!,'Profiles Tracker'!G:G,"Interview Done",'Profiles Tracker'!O:O,"Rejected") -> 0 | T52: =COUNTIFS('Profiles Tracker'!E:E,#REF!,'Profiles Tracker'!G:G,T$1) -> 0 | U52: =N52+P52+Q52+R52+S52+T52 -> 0 | V52: =IF((G52-R52-Q52)<1,0,G52-R52-Q52) -> 0 | W52: =FLOOR(G52,1) -> 0 | X52: =FLOOR(W52,1) -> 0 | Y52: =X52*3 -> 0 | Z52: =IF(W52-SUM(Q52:R52)<1,0,W52-SUM(Q52:R52)) -> 0 | AA52: =IF(X52-SUM(P52:R52)<1,0,X52-SUM(P52:R52)) -> 0 | AB52: =IF(AA52*3-N52<1,0,AA52*3-N52) -> 0 | AC52: =IF(M52="APM Below",H52-45,IF(M52="APM & Above", H52-60,H52-90)) -> 45702 | AD52: =IFERROR(AC52-5,"NA") -> 45697 | AE52: =IFERROR(AD52-7,"NA") -> 45690 | AF52: =CEILING((AC52-TODAY())/7,1) -> -59 | AG52: =CEILING((AD52-TODAY())/7,1) -> -59 | AH52: =CEILING((AE52-TODAY())/7,1) -> -60 | AI52: =COUNTIFS('Profiles Tracker'!E:E,#REF!,'Profiles Tracker'!G:G,Q$1,'Profiles Tracker'!#REF!,"Week 14") -> #REF! | AJ52: =COUNTIFS('Profiles Tracker'!E:E,#REF!,'Profiles Tracker'!G:G,Q$1,'Profiles Tracker'!#REF!,"Week 15") -> #REF! | AK52: =COUNTIFS('Profiles Tracker'!E:E,#REF!,'Profiles Tracker'!G:G,Q$1,'Profiles Tracker'!#REF!,"Week 16") -> #REF! | AL52: =COUNTIFS('Profiles Tracker'!E:E,#REF!,'Profiles Tracker'!G:G,Q$1,'Profiles Tracker'!#REF!,"Week 17") -> #REF! | AM52: =COUNTIFS('Profiles Tracker'!E:E,#REF!,'Profiles Tracker'!G:G,Q$1,'Profiles Tracker'!#REF!,"Week 18") -> #REF!
A53: =ROW()-1 -> 52 | B53: ADCL | C53: Planning & QS | E53: 45668 | F53: Planning & QS Manager | H53: 45747 | I53: Mr. Subash | J53: Mr. Ravindra Varma | K53: ANY-52 | M53: APM & Above | N53: =COUNTIFS('Profiles Tracker'!E:E,#REF!,'Profiles Tracker'!G:G,"Profile shared with Interviewer") -> 0 | O53: =COUNTIFS('Profiles Tracker'!E:E,#REF!,'Profiles Tracker'!G:G,"Shortlisted for next round of interview") -> 0 | P53: =COUNTIFS('Profiles Tracker'!E:E,#REF!,'Profiles Tracker'!G:G,P$1) -> 0 | Q53: =COUNTIFS('Profiles Tracker'!E:E,#REF!,'Profiles Tracker'!G:G,Q$1) -> 0 | R53: =COUNTIFS('Profiles Tracker'!E:E,#REF!,'Profiles Tracker'!G:G,R$1) -> 0 | S53: =COUNTIFS('Profiles Tracker'!E:E,#REF!,'Profiles Tracker'!G:G,"Interview Done",'Profiles Tracker'!O:O,"Rejected") -> 0 | T53: =COUNTIFS('Profiles Tracker'!E:E,#REF!,'Profiles Tracker'!G:G,T$1) -> 0 | U53: =N53+P53+Q53+R53+S53+T53 -> 0 | V53: =IF((G53-R53-Q53)<1,0,G53-R53-Q53) -> 0 | W53: =FLOOR(G53,1) -> 0 | X53: =FLOOR(W53,1) -> 0 | Y53: =X53*3 -> 0 | Z53: =IF(W53-SUM(Q53:R53)<1,0,W53-SUM(Q53:R53)) -> 0 | AA53: =IF(X53-SUM(P53:R53)<1,0,X53-SUM(P53:R53)) -> 0 | AB53: =IF(AA53*3-N53<1,0,AA53*3-N53) -> 0 | AC53: =IF(M53="APM Below",H53-45,IF(M53="APM & Above", H53-60,H53-90)) -> 45687 | AD53: =IFERROR(AC53-5,"NA") -> 45682 | AE53: =IFERROR(AD53-7,"NA") -> 45675 | AF53: =CEILING((AC53-TODAY())/7,1) -> -61 | AG53: =CEILING((AD53-TODAY())/7,1) -> -61 | AH53: =CEILING((AE53-TODAY())/7,1) -> -62 | AI53: =COUNTIFS('Profiles Tracker'!E:E,#REF!,'Profiles Tracker'!G:G,Q$1,'Profiles Tracker'!#REF!,"Week 14") -> #REF! | AJ53: =COUNTIFS('Profiles Tracker'!E:E,#REF!,'Profiles Tracker'!G:G,Q$1,'Profiles Tracker'!#REF!,"Week 15") -> #REF! | AK53: =COUNTIFS('Profiles Tracker'!E:E,#REF!,'Profiles Tracker'!G:G,Q$1,'Profiles Tracker'!#REF!,"Week 16") -> #REF! | AL53: =COUNTIFS('Profiles Tracker'!E:E,#REF!,'Profiles Tracker'!G:G,Q$1,'Profiles Tracker'!#REF!,"Week 17") -> #REF! | AM53: =COUNTIFS('Profiles Tracker'!E:E,#REF!,'Profiles Tracker'!G:G,Q$1,'Profiles Tracker'!#REF!,"Week 18") -> #REF!
A54: =ROW()-1 -> 53 | B54: ADCL | C54: Planning & QS | E54: 45668 | F54: Sr.Engineer ( QS ) | H54: 45747 | I54: Mr. Subash | J54: Mr. Srinivas | K54: ANY-53 | M54: APM Below | N54: =COUNTIFS('Profiles Tracker'!E:E,#REF!,'Profiles Tracker'!G:G,"Profile shared with Interviewer") -> 0 | O54: =COUNTIFS('Profiles Tracker'!E:E,#REF!,'Profiles Tracker'!G:G,"Shortlisted for next round of interview") -> 0 | P54: =COUNTIFS('Profiles Tracker'!E:E,#REF!,'Profiles Tracker'!G:G,P$1) -> 0 | Q54: =COUNTIFS('Profiles Tracker'!E:E,#REF!,'Profiles Tracker'!G:G,Q$1) -> 0 | R54: =COUNTIFS('Profiles Tracker'!E:E,#REF!,'Profiles Tracker'!G:G,R$1) -> 0 | S54: =COUNTIFS('Profiles Tracker'!E:E,#REF!,'Profiles Tracker'!G:G,"Interview Done",'Profiles Tracker'!O:O,"Rejected") -> 0 | T54: =COUNTIFS('Profiles Tracker'!E:E,#REF!,'Profiles Tracker'!G:G,T$1) -> 0 | U54: =N54+P54+Q54+R54+S54+T54 -> 0 | V54: =IF((G54-R54-Q54)<1,0,G54-R54-Q54) -> 0 | W54: =FLOOR(G54,1) -> 0 | X54: =FLOOR(W54,1) -> 0 | Y54: =X54*3 -> 0 | Z54: =IF(W54-SUM(Q54:R54)<1,0,W54-SUM(Q54:R54)) -> 0 | AA54: =IF(X54-SUM(P54:R54)<1,0,X54-SUM(P54:R54)) -> 0 | AB54: =IF(AA54*3-N54<1,0,AA54*3-N54) -> 0 | AC54: =IF(M54="APM Below",H54-45,IF(M54="APM & Above", H54-60,H54-90)) -> 45702 | AD54: =IFERROR(AC54-5,"NA") -> 45697 | AE54: =IFERROR(AD54-7,"NA") -> 45690 | AF54: =CEILING((AC54-TODAY())/7,1) -> -59 | AG54: =CEILING((AD54-TODAY())/7,1) -> -59 | AH54: =CEILING((AE54-TODAY())/7,1) -> -60 | AI54: =COUNTIFS('Profiles Tracker'!E:E,#REF!,'Profiles Tracker'!G:G,Q$1,'Profiles Tracker'!#REF!,"Week 14") -> #REF! | AJ54: =COUNTIFS('Profiles Tracker'!E:E,#REF!,'Profiles Tracker'!G:G,Q$1,'Profiles Tracker'!#REF!,"Week 15") -> #REF! | AK54: =COUNTIFS('Profiles Tracker'!E:E,#REF!,'Profiles Tracker'!G:G,Q$1,'Profiles Tracker'!#REF!,"Week 16") -> #REF! | AL54: =COUNTIFS('Profiles Tracker'!E:E,#REF!,'Profiles Tracker'!G:G,Q$1,'Profiles Tracker'!#REF!,"Week 17") -> #REF! | AM54: =COUNTIFS('Profiles Tracker'!E:E,#REF!,'Profiles Tracker'!G:G,Q$1,'Profiles Tracker'!#REF!,"Week 18") -> #REF!
A55: =ROW()-1 -> 54 | B55: ADCL | C55: Planning & QS | E55: 45668 | F55: Asst Engineer ( QS ) | H55: 45747 | I55: Mr. Subash | J55: Mr. Srinivas | K55: ANY-54 | M55: APM Below | N55: =COUNTIFS('Profiles Tracker'!E:E,#REF!,'Profiles Tracker'!G:G,"Profile shared with Interviewer") -> 0 | O55: =COUNTIFS('Profiles Tracker'!E:E,#REF!,'Profiles Tracker'!G:G,"Shortlisted for next round of interview") -> 0 | P55: =COUNTIFS('Profiles Tracker'!E:E,#REF!,'Profiles Tracker'!G:G,P$1) -> 0 | Q55: =COUNTIFS('Profiles Tracker'!E:E,#REF!,'Profiles Tracker'!G:G,Q$1) -> 0 | R55: =COUNTIFS('Profiles Tracker'!E:E,#REF!,'Profiles Tracker'!G:G,R$1) -> 0 | S55: =COUNTIFS('Profiles Tracker'!E:E,#REF!,'Profiles Tracker'!G:G,"Interview Done",'Profiles Tracker'!O:O,"Rejected") -> 0 | T55: =COUNTIFS('Profiles Tracker'!E:E,#REF!,'Profiles Tracker'!G:G,T$1) -> 0 | U55: =N55+P55+Q55+R55+S55+T55 -> 0 | V55: =IF((G55-R55-Q55)<1,0,G55-R55-Q55) -> 0 | W55: =FLOOR(G55,1) -> 0 | X55: =FLOOR(W55,1) -> 0 | Y55: =X55*3 -> 0 | Z55: =IF(W55-SUM(Q55:R55)<1,0,W55-SUM(Q55:R55)) -> 0 | AA55: =IF(X55-SUM(P55:R55)<1,0,X55-SUM(P55:R55)) -> 0 | AB55: =IF(AA55*3-N55<1,0,AA55*3-N55) -> 0 | AC55: =IF(M55="APM Below",H55-45,IF(M55="APM & Above", H55-60,H55-90)) -> 45702 | AD55: =IFERROR(AC55-5,"NA") -> 45697 | AE55: =IFERROR(AD55-7,"NA") -> 45690 | AF55: =CEILING((AC55-TODAY())/7,1) -> -59 | AG55: =CEILING((AD55-TODAY())/7,1) -> -59 | AH55: =CEILING((AE55-TODAY())/7,1) -> -60 | AI55: =COUNTIFS('Profiles Tracker'!E:E,#REF!,'Profiles Tracker'!G:G,Q$1,'Profiles Tracker'!#REF!,"Week 14") -> #REF! | AJ55: =COUNTIFS('Profiles Tracker'!E:E,#REF!,'Profiles Tracker'!G:G,Q$1,'Profiles Tracker'!#REF!,"Week 15") -> #REF! | AK55: =COUNTIFS('Profiles Tracker'!E:E,#REF!,'Profiles Tracker'!G:G,Q$1,'Profiles Tracker'!#REF!,"Week 16") -> #REF! | AL55: =COUNTIFS('Profiles Tracker'!E:E,#REF!,'Profiles Tracker'!G:G,Q$1,'Profiles Tracker'!#REF!,"Week 17") -> #REF! | AM55: =COUNTIFS('Profiles Tracker'!E:E,#REF!,'Profiles Tracker'!G:G,Q$1,'Profiles Tracker'!#REF!,"Week 18") -> #REF!
A56: =ROW()-1 -> 55 | B56: ADCL | C56: Stores | E56: 45668 | F56: Manager Stores | G56: 0 | H56: 45747 | I56: Mr. Y Srinivas Rao | J56: Mr. Ravindra Varma | K56: ANY-56 | M56: APM & Above | N56: =COUNTIFS('Profiles Tracker'!E:E,#REF!,'Profiles Tracker'!G:G,"Profile shared with Interviewer") -> 0 | O56: =COUNTIFS('Profiles Tracker'!E:E,#REF!,'Profiles Tracker'!G:G,"Shortlisted for next round of interview") -> 0 | P56: =COUNTIFS('Profiles Tracker'!E:E,#REF!,'Profiles Tracker'!G:G,P$1) -> 0 | Q56: =COUNTIFS('Profiles Tracker'!E:E,#REF!,'Profiles Tracker'!G:G,Q$1) -> 0 | R56: =COUNTIFS('Profiles Tracker'!E:E,#REF!,'Profiles Tracker'!G:G,R$1) -> 0 | S56: =COUNTIFS('Profiles Tracker'!E:E,#REF!,'Profiles Tracker'!G:G,"Interview Done",'Profiles Tracker'!O:O,"Rejected") -> 0 | T56: =COUNTIFS('Profiles Tracker'!E:E,#REF!,'Profiles Tracker'!G:G,T$1) -> 0 | U56: =N56+P56+Q56+R56+S56+T56 -> 0 | V56: =IF((G56-R56-Q56)<1,0,G56-R56-Q56) -> 0 | W56: =FLOOR(G56,1) -> 0 | X56: =FLOOR(W56,1) -> 0 | Y56: =X56*3 -> 0 | Z56: =IF(W56-SUM(Q56:R56)<1,0,W56-SUM(Q56:R56)) -> 0 | AA56: =IF(X56-SUM(P56:R56)<1,0,X56-SUM(P56:R56)) -> 0 | AB56: =IF(AA56*3-N56<1,0,AA56*3-N56) -> 0 | AC56: =IF(M56="APM Below",H56-45,IF(M56="APM & Above", H56-60,H56-90)) -> 45687 | AD56: =IFERROR(AC56-5,"NA") -> 45682 | AE56: =IFERROR(AD56-7,"NA") -> 45675 | AF56: =CEILING((AC56-TODAY())/7,1) -> -61 | AG56: =CEILING((AD56-TODAY())/7,1) -> -61 | AH56: =CEILING((AE56-TODAY())/7,1) -> -62 | AI56: =COUNTIFS('Profiles Tracker'!E:E,#REF!,'Profiles Tracker'!G:G,Q$1,'Profiles Tracker'!#REF!,"Week 14") -> #REF! | AJ56: =COUNTIFS('Profiles Tracker'!E:E,#REF!,'Profiles Tracker'!G:G,Q$1,'Profiles Tracker'!#REF!,"Week 15") -> #REF! | AK56: =COUNTIFS('Profiles Tracker'!E:E,#REF!,'Profiles Tracker'!G:G,Q$1,'Profiles Tracker'!#REF!,"Week 16") -> #REF! | AL56: =COUNTIFS('Profiles Tracker'!E:E,#REF!,'Profiles Tracker'!G:G,Q$1,'Profiles Tracker'!#REF!,"Week 17") -> #REF! | AM56: =COUNTIFS('Profiles Tracker'!E:E,#REF!,'Profiles Tracker'!G:G,Q$1,'Profiles Tracker'!#REF!,"Week 18") -> #REF!
A57: =ROW()-1 -> 56 | B57: ADCL | C57: Stores | E57: 45668 | F57: Stores Executives | G57: 0 | H57: 45747 | I57: Mr. Y Srinivas Rao | J57: Mr. Ravindra Varma | K57: ANY-57 | M57: APM Below | N57: =COUNTIFS('Profiles Tracker'!E:E,#REF!,'Profiles Tracker'!G:G,"Profile shared with Interviewer") -> 0 | O57: =COUNTIFS('Profiles Tracker'!E:E,#REF!,'Profiles Tracker'!G:G,"Shortlisted for next round of interview") -> 0 | P57: =COUNTIFS('Profiles Tracker'!E:E,#REF!,'Profiles Tracker'!G:G,P$1) -> 0 | Q57: =COUNTIFS('Profiles Tracker'!E:E,#REF!,'Profiles Tracker'!G:G,Q$1) -> 0 | R57: =COUNTIFS('Profiles Tracker'!E:E,#REF!,'Profiles Tracker'!G:G,R$1) -> 0 | S57: =COUNTIFS('Profiles Tracker'!E:E,#REF!,'Profiles Tracker'!G:G,"Interview Done",'Profiles Tracker'!O:O,"Rejected") -> 0 | T57: =COUNTIFS('Profiles Tracker'!E:E,#REF!,'Profiles Tracker'!G:G,T$1) -> 0 | U57: =N57+P57+Q57+R57+S57+T57 -> 0 | V57: =IF((G57-R57-Q57)<1,0,G57-R57-Q57) -> 0 | W57: =FLOOR(G57,1) -> 0 | X57: =FLOOR(W57,1) -> 0 | Y57: =X57*3 -> 0 | Z57: =IF(W57-SUM(Q57:R57)<1,0,W57-SUM(Q57:R57)) -> 0 | AA57: =IF(X57-SUM(P57:R57)<1,0,X57-SUM(P57:R57)) -> 0 | AB57: =IF(AA57*3-N57<1,0,AA57*3-N57) -> 0 | AC57: =IF(M57="APM Below",H57-45,IF(M57="APM & Above", H57-60,H57-90)) -> 45702 | AD57: =IFERROR(AC57-5,"NA") -> 45697 | AE57: =IFERROR(AD57-7,"NA") -> 45690 | AF57: =CEILING((AC57-TODAY())/7,1) -> -59 | AG57: =CEILING((AD57-TODAY())/7,1) -> -59 | AH57: =CEILING((AE57-TODAY())/7,1) -> -60 | AI57: =COUNTIFS('Profiles Tracker'!E:E,#REF!,'Profiles Tracker'!G:G,Q$1,'Profiles Tracker'!#REF!,"Week 14") -> #REF! | AJ57: =COUNTIFS('Profiles Tracker'!E:E,#REF!,'Profiles Tracker'!G:G,Q$1,'Profiles Tracker'!#REF!,"Week 15") -> #REF! | AK57: =COUNTIFS('Profiles Tracker'!E:E,#REF!,'Profiles Tracker'!G:G,Q$1,'Profiles Tracker'!#REF!,"Week 16") -> #REF! | AL57: =COUNTIFS('Profiles Tracker'!E:E,#REF!,'Profiles Tracker'!G:G,Q$1,'Profiles Tracker'!#REF!,"Week 17") -> #REF! | AM57: =COUNTIFS('Profiles Tracker'!E:E,#REF!,'Profiles Tracker'!G:G,Q$1,'Profiles Tracker'!#REF!,"Week 18") -> #REF!
A58: =ROW()-1 -> 57 | B58: ADCL | C58: Stores | E58: 45668 | F58: Strores Asst | G58: 2 | H58: 45747 | I58: Mr. Y Srinivas Rao | J58: Mr. Srinivas | K58: ANY-58 | M58: APM Below | N58: =COUNTIFS('Profiles Tracker'!E:E,#REF!,'Profiles Tracker'!G:G,"Profile shared with Interviewer") -> 0 | O58: =COUNTIFS('Profiles Tracker'!E:E,#REF!,'Profiles Tracker'!G:G,"Shortlisted for next round of interview") -> 0 | P58: =COUNTIFS('Profiles Tracker'!E:E,#REF!,'Profiles Tracker'!G:G,P$1) -> 0 | Q58: =COUNTIFS('Profiles Tracker'!E:E,#REF!,'Profiles Tracker'!G:G,Q$1) -> 0 | R58: =COUNTIFS('Profiles Tracker'!E:E,#REF!,'Profiles Tracker'!G:G,R$1) -> 0 | S58: =COUNTIFS('Profiles Tracker'!E:E,#REF!,'Profiles Tracker'!G:G,"Interview Done",'Profiles Tracker'!O:O,"Rejected") -> 0 | T58: =COUNTIFS('Profiles Tracker'!E:E,#REF!,'Profiles Tracker'!G:G,T$1) -> 0 | U58: =N58+P58+Q58+R58+S58+T58 -> 0 | V58: =IF((G58-R58-Q58)<1,0,G58-R58-Q58) -> 2 | W58: =FLOOR(G58,1) -> 2 | X58: =FLOOR(W58,1) -> 2 | Y58: =X58*3 -> 6 | Z58: =IF(W58-SUM(Q58:R58)<1,0,W58-SUM(Q58:R58)) -> 2 | AA58: =IF(X58-SUM(P58:R58)<1,0,X58-SUM(P58:R58)) -> 2 | AB58: =IF(AA58*3-N58<1,0,AA58*3-N58) -> 6 | AC58: =IF(M58="APM Below",H58-45,IF(M58="APM & Above", H58-60,H58-90)) -> 45702 | AD58: =IFERROR(AC58-5,"NA") -> 45697 | AE58: =IFERROR(AD58-7,"NA") -> 45690 | AF58: =CEILING((AC58-TODAY())/7,1) -> -59 | AG58: =CEILING((AD58-TODAY())/7,1) -> -59 | AH58: =CEILING((AE58-TODAY())/7,1) -> -60 | AI58: =COUNTIFS('Profiles Tracker'!E:E,#REF!,'Profiles Tracker'!G:G,Q$1,'Profiles Tracker'!#REF!,"Week 14") -> #REF! | AJ58: =COUNTIFS('Profiles Tracker'!E:E,#REF!,'Profiles Tracker'!G:G,Q$1,'Profiles Tracker'!#REF!,"Week 15") -> #REF! | AK58: =COUNTIFS('Profiles Tracker'!E:E,#REF!,'Profiles Tracker'!G:G,Q$1,'Profiles Tracker'!#REF!,"Week 16") -> #REF! | AL58: =COUNTIFS('Profiles Tracker'!E:E,#REF!,'Profiles Tracker'!G:G,Q$1,'Profiles Tracker'!#REF!,"Week 17") -> #REF! | AM58: =COUNTIFS('Profiles Tracker'!E:E,#REF!,'Profiles Tracker'!G:G,Q$1,'Profiles Tracker'!#REF!,"Week 18") -> #REF!
A59: =ROW()-1 -> 58 | B59: ADCL | C59: HR & Admin | E59: 45668 | F59: Manager ( Admin & HR ) | H59: 45747 | I59: Mr. Ravindra Varma | J59: Mr. Ravindra Varma | K59: ANY-59 | M59: APM & Above | N59: =COUNTIFS('Profiles Tracker'!E:E,#REF!,'Profiles Tracker'!G:G,"Profile shared with Interviewer") -> 0 | O59: =COUNTIFS('Profiles Tracker'!E:E,#REF!,'Profiles Tracker'!G:G,"Shortlisted for next round of interview") -> 0 | P59: =COUNTIFS('Profiles Tracker'!E:E,#REF!,'Profiles Tracker'!G:G,P$1) -> 0 | Q59: =COUNTIFS('Profiles Tracker'!E:E,#REF!,'Profiles Tracker'!G:G,Q$1) -> 0 | R59: =COUNTIFS('Profiles Tracker'!E:E,#REF!,'Profiles Tracker'!G:G,R$1) -> 0 | S59: =COUNTIFS('Profiles Tracker'!E:E,#REF!,'Profiles Tracker'!G:G,"Interview Done",'Profiles Tracker'!O:O,"Rejected") -> 0 | T59: =COUNTIFS('Profiles Tracker'!E:E,#REF!,'Profiles Tracker'!G:G,T$1) -> 0 | U59: =N59+P59+Q59+R59+S59+T59 -> 0 | V59: =IF((G59-R59-Q59)<1,0,G59-R59-Q59) -> 0 | W59: =FLOOR(G59,1) -> 0 | X59: =FLOOR(W59,1) -> 0 | Y59: =X59*3 -> 0 | Z59: =IF(W59-SUM(Q59:R59)<1,0,W59-SUM(Q59:R59)) -> 0 | AA59: =IF(X59-SUM(P59:R59)<1,0,X59-SUM(P59:R59)) -> 0 | AB59: =IF(AA59*3-N59<1,0,AA59*3-N59) -> 0 | AC59: =IF(M59="APM Below",H59-45,IF(M59="APM & Above", H59-60,H59-90)) -> 45687 | AD59: =IFERROR(AC59-5,"NA") -> 45682 | AE59: =IFERROR(AD59-7,"NA") -> 45675 | AF59: =CEILING((AC59-TODAY())/7,1) -> -61 | AG59: =CEILING((AD59-TODAY())/7,1) -> -61 | AH59: =CEILING((AE59-TODAY())/7,1) -> -62 | AI59: =COUNTIFS('Profiles Tracker'!E:E,#REF!,'Profiles Tracker'!G:G,Q$1,'Profiles Tracker'!#REF!,"Week 14") -> #REF! | AJ59: =COUNTIFS('Profiles Tracker'!E:E,#REF!,'Profiles Tracker'!G:G,Q$1,'Profiles Tracker'!#REF!,"Week 15") -> #REF! | AK59: =COUNTIFS('Profiles Tracker'!E:E,#REF!,'Profiles Tracker'!G:G,Q$1,'Profiles Tracker'!#REF!,"Week 16") -> #REF! | AL59: =COUNTIFS('Profiles Tracker'!E:E,#REF!,'Profiles Tracker'!G:G,Q$1,'Profiles Tracker'!#REF!,"Week 17") -> #REF! | AM59: =COUNTIFS('Profiles Tracker'!E:E,#REF!,'Profiles Tracker'!G:G,Q$1,'Profiles Tracker'!#REF!,"Week 18") -> #REF!
A60: =ROW()-1 -> 59 | B60: ADCL | C60: HR & Admin | E60: 45668 | F60: Admin Executives | H60: 45747 | I60: Mr. Ravindra Varma | J60: Mr. Srinivas | K60: ANY-60 | M60: APM Below | N60: =COUNTIFS('Profiles Tracker'!E:E,#REF!,'Profiles Tracker'!G:G,"Profile shared with Interviewer") -> 0 | O60: =COUNTIFS('Profiles Tracker'!E:E,#REF!,'Profiles Tracker'!G:G,"Shortlisted for next round of interview") -> 0 | P60: =COUNTIFS('Profiles Tracker'!E:E,#REF!,'Profiles Tracker'!G:G,P$1) -> 0 | Q60: =COUNTIFS('Profiles Tracker'!E:E,#REF!,'Profiles Tracker'!G:G,Q$1) -> 0 | R60: =COUNTIFS('Profiles Tracker'!E:E,#REF!,'Profiles Tracker'!G:G,R$1) -> 0 | S60: =COUNTIFS('Profiles Tracker'!E:E,#REF!,'Profiles Tracker'!G:G,"Interview Done",'Profiles Tracker'!O:O,"Rejected") -> 0 | T60: =COUNTIFS('Profiles Tracker'!E:E,#REF!,'Profiles Tracker'!G:G,T$1) -> 0 | U60: =N60+P60+Q60+R60+S60+T60 -> 0 | V60: =IF((G60-R60-Q60)<1,0,G60-R60-Q60) -> 0 | W60: =FLOOR(G60,1) -> 0 | X60: =FLOOR(W60,1) -> 0 | Y60: =X60*3 -> 0 | Z60: =IF(W60-SUM(Q60:R60)<1,0,W60-SUM(Q60:R60)) -> 0 | AA60: =IF(X60-SUM(P60:R60)<1,0,X60-SUM(P60:R60)) -> 0 | AB60: =IF(AA60*3-N60<1,0,AA60*3-N60) -> 0 | AC60: =IF(M60="APM Below",H60-45,IF(M60="APM & Above", H60-60,H60-90)) -> 45702 | AD60: =IFERROR(AC60-5,"NA") -> 45697 | AE60: =IFERROR(AD60-7,"NA") -> 45690 | AF60: =CEILING((AC60-TODAY())/7,1) -> -59 | AG60: =CEILING((AD60-TODAY())/7,1) -> -59 | AH60: =CEILING((AE60-TODAY())/7,1) -> -60 | AI60: =COUNTIFS('Profiles Tracker'!E:E,#REF!,'Profiles Tracker'!G:G,Q$1,'Profiles Tracker'!#REF!,"Week 14") -> #REF! | AJ60: =COUNTIFS('Profiles Tracker'!E:E,#REF!,'Profiles Tracker'!G:G,Q$1,'Profiles Tracker'!#REF!,"Week 15") -> #REF! | AK60: =COUNTIFS('Profiles Tracker'!E:E,#REF!,'Profiles Tracker'!G:G,Q$1,'Profiles Tracker'!#REF!,"Week 16") -> #REF! | AL60: =COUNTIFS('Profiles Tracker'!E:E,#REF!,'Profiles Tracker'!G:G,Q$1,'Profiles Tracker'!#REF!,"Week 17") -> #REF! | AM60: =COUNTIFS('Profiles Tracker'!E:E,#REF!,'Profiles Tracker'!G:G,Q$1,'Profiles Tracker'!#REF!,"Week 18") -> #REF!
A61: =ROW()-1 -> 60 | B61: ADCL | C61: Accounts | E61: 45668 | F61: Sr.Accouts Officer | G61: 1 | H61: 45747 | I61: Mr. Sunil/Gangadhar | J61: Mr. Venu | K61: ANY-61 | M61: APM Below | N61: =COUNTIFS('Profiles Tracker'!E:E,#REF!,'Profiles Tracker'!G:G,"Profile shared with Interviewer") -> 0 | O61: =COUNTIFS('Profiles Tracker'!E:E,#REF!,'Profiles Tracker'!G:G,"Shortlisted for next round of interview") -> 0 | P61: =COUNTIFS('Profiles Tracker'!E:E,#REF!,'Profiles Tracker'!G:G,P$1) -> 0 | Q61: =COUNTIFS('Profiles Tracker'!E:E,#REF!,'Profiles Tracker'!G:G,Q$1) -> 0 | R61: =COUNTIFS('Profiles Tracker'!E:E,#REF!,'Profiles Tracker'!G:G,R$1) -> 0 | S61: =COUNTIFS('Profiles Tracker'!E:E,#REF!,'Profiles Tracker'!G:G,"Interview Done",'Profiles Tracker'!O:O,"Rejected") -> 0 | T61: =COUNTIFS('Profiles Tracker'!E:E,#REF!,'Profiles Tracker'!G:G,T$1) -> 0 | U61: =N61+P61+Q61+R61+S61+T61 -> 0 | V61: =IF((G61-R61-Q61)<1,0,G61-R61-Q61) -> 1 | W61: =FLOOR(G61,1) -> 1 | X61: =FLOOR(W61,1) -> 1 | Y61: =X61*3 -> 3 | Z61: =IF(W61-SUM(Q61:R61)<1,0,W61-SUM(Q61:R61)) -> 1 | AA61: =IF(X61-SUM(P61:R61)<1,0,X61-SUM(P61:R61)) -> 1 | AB61: =IF(AA61*3-N61<1,0,AA61*3-N61) -> 3 | AC61: =IF(M61="APM Below",H61-45,IF(M61="APM & Above", H61-60,H61-90)) -> 45702 | AD61: =IFERROR(AC61-5,"NA") -> 45697 | AE61: =IFERROR(AD61-7,"NA") -> 45690 | AF61: =CEILING((AC61-TODAY())/7,1) -> -59 | AG61: =CEILING((AD61-TODAY())/7,1) -> -59 | AH61: =CEILING((AE61-TODAY())/7,1) -> -60 | AI61: =COUNTIFS('Profiles Tracker'!E:E,#REF!,'Profiles Tracker'!G:G,Q$1,'Profiles Tracker'!#REF!,"Week 14") -> #REF! | AJ61: =COUNTIFS('Profiles Tracker'!E:E,#REF!,'Profiles Tracker'!G:G,Q$1,'Profiles Tracker'!#REF!,"Week 15") -> #REF! | AK61: =COUNTIFS('Profiles Tracker'!E:E,#REF!,'Profiles Tracker'!G:G,Q$1,'Profiles Tracker'!#REF!,"Week 16") -> #REF! | AL61: =COUNTIFS('Profiles Tracker'!E:E,#REF!,'Profiles Tracker'!G:G,Q$1,'Profiles Tracker'!#REF!,"Week 17") -> #REF! | AM61: =COUNTIFS('Profiles Tracker'!E:E,#REF!,'Profiles Tracker'!G:G,Q$1,'Profiles Tracker'!#REF!,"Week 18") -> #REF!
A62: =ROW()-1 -> 61 | B62: ADCL | C62: P&M | E62: 45668 | F62: Manager ( P& M) | G62: 0 | H62: 45747 | I62: Mr. Vijaya Rama Raju | J62: Mr. Ravindra Varma | K62: ANY-63 | M62: APM & Above | N62: =COUNTIFS('Profiles Tracker'!E:E,#REF!,'Profiles Tracker'!G:G,"Profile shared with Interviewer") -> 0 | O62: =COUNTIFS('Profiles Tracker'!E:E,#REF!,'Profiles Tracker'!G:G,"Shortlisted for next round of interview") -> 0 | P62: =COUNTIFS('Profiles Tracker'!E:E,#REF!,'Profiles Tracker'!G:G,P$1) -> 0 | Q62: =COUNTIFS('Profiles Tracker'!E:E,#REF!,'Profiles Tracker'!G:G,Q$1) -> 0 | R62: =COUNTIFS('Profiles Tracker'!E:E,#REF!,'Profiles Tracker'!G:G,R$1) -> 0 | S62: =COUNTIFS('Profiles Tracker'!E:E,#REF!,'Profiles Tracker'!G:G,"Interview Done",'Profiles Tracker'!O:O,"Rejected") -> 0 | T62: =COUNTIFS('Profiles Tracker'!E:E,#REF!,'Profiles Tracker'!G:G,T$1) -> 0 | U62: =N62+P62+Q62+R62+S62+T62 -> 0 | V62: =IF((G62-R62-Q62)<1,0,G62-R62-Q62) -> 0 | W62: =FLOOR(G62,1) -> 0 | X62: =FLOOR(W62,1) -> 0 | Y62: =X62*3 -> 0 | Z62: =IF(W62-SUM(Q62:R62)<1,0,W62-SUM(Q62:R62)) -> 0 | AA62: =IF(X62-SUM(P62:R62)<1,0,X62-SUM(P62:R62)) -> 0 | AB62: =IF(AA62*3-N62<1,0,AA62*3-N62) -> 0 | AC62: =IF(M62="APM Below",H62-45,IF(M62="APM & Above", H62-60,H62-90)) -> 45687 | AD62: =IFERROR(AC62-5,"NA") -> 45682 | AE62: =IFERROR(AD62-7,"NA") -> 45675 | AF62: =CEILING((AC62-TODAY())/7,1) -> -61 | AG62: =CEILING((AD62-TODAY())/7,1) -> -61 | AH62: =CEILING((AE62-TODAY())/7,1) -> -62 | AI62: =COUNTIFS('Profiles Tracker'!E:E,#REF!,'Profiles Tracker'!G:G,Q$1,'Profiles Tracker'!#REF!,"Week 14") -> #REF! | AJ62: =COUNTIFS('Profiles Tracker'!E:E,#REF!,'Profiles Tracker'!G:G,Q$1,'Profiles Tracker'!#REF!,"Week 15") -> #REF! | AK62: =COUNTIFS('Profiles Tracker'!E:E,#REF!,'Profiles Tracker'!G:G,Q$1,'Profiles Tracker'!#REF!,"Week 16") -> #REF! | AL62: =COUNTIFS('Profiles Tracker'!E:E,#REF!,'Profiles Tracker'!G:G,Q$1,'Profiles Tracker'!#REF!,"Week 17") -> #REF! | AM62: =COUNTIFS('Profiles Tracker'!E:E,#REF!,'Profiles Tracker'!G:G,Q$1,'Profiles Tracker'!#REF!,"Week 18") -> #REF!
A63: =ROW()-1 -> 62 | B63: ADCL | C63: P&M | E63: 45668 | F63: Sr. Engineer ( P& M) | G63: 0 | H63: 45747 | I63: Mr. Vijaya Rama Raju | J63: Mr. Venu | K63: ANY-64 | M63: APM Below | N63: =COUNTIFS('Profiles Tracker'!E:E,#REF!,'Profiles Tracker'!G:G,"Profile shared with Interviewer") -> 0 | O63: =COUNTIFS('Profiles Tracker'!E:E,#REF!,'Profiles Tracker'!G:G,"Shortlisted for next round of interview") -> 0 | P63: =COUNTIFS('Profiles Tracker'!E:E,#REF!,'Profiles Tracker'!G:G,P$1) -> 0 | Q63: =COUNTIFS('Profiles Tracker'!E:E,#REF!,'Profiles Tracker'!G:G,Q$1) -> 0 | R63: =COUNTIFS('Profiles Tracker'!E:E,#REF!,'Profiles Tracker'!G:G,R$1) -> 0 | S63: =COUNTIFS('Profiles Tracker'!E:E,#REF!,'Profiles Tracker'!G:G,"Interview Done",'Profiles Tracker'!O:O,"Rejected") -> 0 | T63: =COUNTIFS('Profiles Tracker'!E:E,#REF!,'Profiles Tracker'!G:G,T$1) -> 0 | U63: =N63+P63+Q63+R63+S63+T63 -> 0 | V63: =IF((G63-R63-Q63)<1,0,G63-R63-Q63) -> 0 | W63: =FLOOR(G63,1) -> 0 | X63: =FLOOR(W63,1) -> 0 | Y63: =X63*3 -> 0 | Z63: =IF(W63-SUM(Q63:R63)<1,0,W63-SUM(Q63:R63)) -> 0 | AA63: =IF(X63-SUM(P63:R63)<1,0,X63-SUM(P63:R63)) -> 0 | AB63: =IF(AA63*3-N63<1,0,AA63*3-N63) -> 0 | AC63: =IF(M63="APM Below",H63-45,IF(M63="APM & Above", H63-60,H63-90)) -> 45702 | AD63: =IFERROR(AC63-5,"NA") -> 45697 | AE63: =IFERROR(AD63-7,"NA") -> 45690 | AF63: =CEILING((AC63-TODAY())/7,1) -> -59 | AG63: =CEILING((AD63-TODAY())/7,1) -> -59 | AH63: =CEILING((AE63-TODAY())/7,1) -> -60 | AI63: =COUNTIFS('Profiles Tracker'!E:E,#REF!,'Profiles Tracker'!G:G,Q$1,'Profiles Tracker'!#REF!,"Week 14") -> #REF! | AJ63: =COUNTIFS('Profiles Tracker'!E:E,#REF!,'Profiles Tracker'!G:G,Q$1,'Profiles Tracker'!#REF!,"Week 15") -> #REF! | AK63: =COUNTIFS('Profiles Tracker'!E:E,#REF!,'Profiles Tracker'!G:G,Q$1,'Profiles Tracker'!#REF!,"Week 16") -> #REF! | AL63: =COUNTIFS('Profiles Tracker'!E:E,#REF!,'Profiles Tracker'!G:G,Q$1,'Profiles Tracker'!#REF!,"Week 17") -> #REF! | AM63: =COUNTIFS('Profiles Tracker'!E:E,#REF!,'Profiles Tracker'!G:G,Q$1,'Profiles Tracker'!#REF!,"Week 18") -> #REF!
A64: =ROW()-1 -> 63 | B64: ADCL | C64: Earthwork | E64: 45668 | F64: Sr.Engineers ( Earthwork ) | G64: 0 | H64: 45747 | I64: Mr. Raghu Rama Raju | J64: Mr. Ravindra Varma | K64: ANY-67 | M64: APM Below | N64: =COUNTIFS('Profiles Tracker'!E:E,#REF!,'Profiles Tracker'!G:G,"Profile shared with Interviewer") -> 0 | O64: =COUNTIFS('Profiles Tracker'!E:E,#REF!,'Profiles Tracker'!G:G,"Shortlisted for next round of interview") -> 0 | P64: =COUNTIFS('Profiles Tracker'!E:E,#REF!,'Profiles Tracker'!G:G,P$1) -> 0 | Q64: =COUNTIFS('Profiles Tracker'!E:E,#REF!,'Profiles Tracker'!G:G,Q$1) -> 0 | R64: =COUNTIFS('Profiles Tracker'!E:E,#REF!,'Profiles Tracker'!G:G,R$1) -> 0 | S64: =COUNTIFS('Profiles Tracker'!E:E,#REF!,'Profiles Tracker'!G:G,"Interview Done",'Profiles Tracker'!O:O,"Rejected") -> 0 | T64: =COUNTIFS('Profiles Tracker'!E:E,#REF!,'Profiles Tracker'!G:G,T$1) -> 0 | U64: =N64+P64+Q64+R64+S64+T64 -> 0 | V64: =IF((G64-R64-Q64)<1,0,G64-R64-Q64) -> 0 | W64: =FLOOR(G64,1) -> 0 | X64: =FLOOR(W64,1) -> 0 | Y64: =X64*3 -> 0 | Z64: =IF(W64-SUM(Q64:R64)<1,0,W64-SUM(Q64:R64)) -> 0 | AA64: =IF(X64-SUM(P64:R64)<1,0,X64-SUM(P64:R64)) -> 0 | AB64: =IF(AA64*3-N64<1,0,AA64*3-N64) -> 0 | AC64: =IF(M64="APM Below",H64-45,IF(M64="APM & Above", H64-60,H64-90)) -> 45702 | AD64: =IFERROR(AC64-5,"NA") -> 45697 | AE64: =IFERROR(AD64-7,"NA") -> 45690 | AF64: =CEILING((AC64-TODAY())/7,1) -> -59 | AG64: =CEILING((AD64-TODAY())/7,1) -> -59 | AH64: =CEILING((AE64-TODAY())/7,1) -> -60 | AI64: =COUNTIFS('Profiles Tracker'!E:E,#REF!,'Profiles Tracker'!G:G,Q$1,'Profiles Tracker'!#REF!,"Week 14") -> #REF! | AJ64: =COUNTIFS('Profiles Tracker'!E:E,#REF!,'Profiles Tracker'!G:G,Q$1,'Profiles Tracker'!#REF!,"Week 15") -> #REF! | AK64: =COUNTIFS('Profiles Tracker'!E:E,#REF!,'Profiles Tracker'!G:G,Q$1,'Profiles Tracker'!#REF!,"Week 16") -> #REF! | AL64: =COUNTIFS('Profiles Tracker'!E:E,#REF!,'Profiles Tracker'!G:G,Q$1,'Profiles Tracker'!#REF!,"Week 17") -> #REF! | AM64: =COUNTIFS('Profiles Tracker'!E:E,#REF!,'Profiles Tracker'!G:G,Q$1,'Profiles Tracker'!#REF!,"Week 18") -> #REF!
A65: =ROW()-1 -> 64 | B65: ADCL | C65: Structures | E65: 45668 | F65: Jr.Engineer ( structures) | H65: 45747 | I65: Mr. Radha Krishna (Consultant) | J65: Mr. Venu | K65: ANY-68 | M65: APM Below | N65: =COUNTIFS('Profiles Tracker'!E:E,#REF!,'Profiles Tracker'!G:G,"Profile shared with Interviewer") -> 0 | O65: =COUNTIFS('Profiles Tracker'!E:E,#REF!,'Profiles Tracker'!G:G,"Shortlisted for next round of interview") -> 0 | P65: =COUNTIFS('Profiles Tracker'!E:E,#REF!,'Profiles Tracker'!G:G,P$1) -> 0 | Q65: =COUNTIFS('Profiles Tracker'!E:E,#REF!,'Profiles Tracker'!G:G,Q$1) -> 0 | R65: =COUNTIFS('Profiles Tracker'!E:E,#REF!,'Profiles Tracker'!G:G,R$1) -> 0 | S65: =COUNTIFS('Profiles Tracker'!E:E,#REF!,'Profiles Tracker'!G:G,"Interview Done",'Profiles Tracker'!O:O,"Rejected") -> 0 | T65: =COUNTIFS('Profiles Tracker'!E:E,#REF!,'Profiles Tracker'!G:G,T$1) -> 0 | U65: =N65+P65+Q65+R65+S65+T65 -> 0 | V65: =IF((G65-R65-Q65)<1,0,G65-R65-Q65) -> 0 | W65: =FLOOR(G65,1) -> 0 | X65: =FLOOR(W65,1) -> 0 | Y65: =X65*3 -> 0 | Z65: =IF(W65-SUM(Q65:R65)<1,0,W65-SUM(Q65:R65)) -> 0 | AA65: =IF(X65-SUM(P65:R65)<1,0,X65-SUM(P65:R65)) -> 0 | AB65: =IF(AA65*3-N65<1,0,AA65*3-N65) -> 0 | AC65: =IF(M65="APM Below",H65-45,IF(M65="APM & Above", H65-60,H65-90)) -> 45702 | AD65: =IFERROR(AC65-5,"NA") -> 45697 | AE65: =IFERROR(AD65-7,"NA") -> 45690 | AF65: =CEILING((AC65-TODAY())/7,1) -> -59 | AG65: =CEILING((AD65-TODAY())/7,1) -> -59 | AH65: =CEILING((AE65-TODAY())/7,1) -> -60 | AI65: =COUNTIFS('Profiles Tracker'!E:E,#REF!,'Profiles Tracker'!G:G,Q$1,'Profiles Tracker'!#REF!,"Week 14") -> #REF! | AJ65: =COUNTIFS('Profiles Tracker'!E:E,#REF!,'Profiles Tracker'!G:G,Q$1,'Profiles Tracker'!#REF!,"Week 15") -> #REF! | AK65: =COUNTIFS('Profiles Tracker'!E:E,#REF!,'Profiles Tracker'!G:G,Q$1,'Profiles Tracker'!#REF!,"Week 16") -> #REF! | AL65: =COUNTIFS('Profiles Tracker'!E:E,#REF!,'Profiles Tracker'!G:G,Q$1,'Profiles Tracker'!#REF!,"Week 17") -> #REF! | AM65: =COUNTIFS('Profiles Tracker'!E:E,#REF!,'Profiles Tracker'!G:G,Q$1,'Profiles Tracker'!#REF!,"Week 18") -> #REF!
A66: =ROW()-1 -> 65 | B66: ADCL | E66: 45668 | F66: Supervisors | G66: 2 | H66: 45747 | I66: Mr. Varaprasad (Consultant) | J66: Mr. Ravindra Varma | K66: ANY-69 | M66: APM Below | N66: =COUNTIFS('Profiles Tracker'!E:E,#REF!,'Profiles Tracker'!G:G,"Profile shared with Interviewer") -> 0 | O66: =COUNTIFS('Profiles Tracker'!E:E,#REF!,'Profiles Tracker'!G:G,"Shortlisted for next round of interview") -> 0 | P66: =COUNTIFS('Profiles Tracker'!E:E,#REF!,'Profiles Tracker'!G:G,P$1) -> 0 | Q66: =COUNTIFS('Profiles Tracker'!E:E,#REF!,'Profiles Tracker'!G:G,Q$1) -> 0 | R66: =COUNTIFS('Profiles Tracker'!E:E,#REF!,'Profiles Tracker'!G:G,R$1) -> 0 | S66: =COUNTIFS('Profiles Tracker'!E:E,#REF!,'Profiles Tracker'!G:G,"Interview Done",'Profiles Tracker'!O:O,"Rejected") -> 0 | T66: =COUNTIFS('Profiles Tracker'!E:E,#REF!,'Profiles Tracker'!G:G,T$1) -> 0 | U66: =N66+P66+Q66+R66+S66+T66 -> 0 | V66: =IF((G66-R66-Q66)<1,0,G66-R66-Q66) -> 2 | W66: =FLOOR(G66,1) -> 2 | X66: =FLOOR(W66,1) -> 2 | Y66: =X66*3 -> 6 | Z66: =IF(W66-SUM(Q66:R66)<1,0,W66-SUM(Q66:R66)) -> 2 | AA66: =IF(X66-SUM(P66:R66)<1,0,X66-SUM(P66:R66)) -> 2 | AB66: =IF(AA66*3-N66<1,0,AA66*3-N66) -> 6 | AC66: =IF(M66="APM Below",H66-45,IF(M66="APM & Above", H66-60,H66-90)) -> 45702 | AD66: =IFERROR(AC66-5,"NA") -> 45697 | AE66: =IFERROR(AD66-7,"NA") -> 45690 | AF66: =CEILING((AC66-TODAY())/7,1) -> -59 | AG66: =CEILING((AD66-TODAY())/7,1) -> -59 | AH66: =CEILING((AE66-TODAY())/7,1) -> -60 | AI66: =COUNTIFS('Profiles Tracker'!E:E,#REF!,'Profiles Tracker'!G:G,Q$1,'Profiles Tracker'!#REF!,"Week 14") -> #REF! | AJ66: =COUNTIFS('Profiles Tracker'!E:E,#REF!,'Profiles Tracker'!G:G,Q$1,'Profiles Tracker'!#REF!,"Week 15") -> #REF! | AK66: =COUNTIFS('Profiles Tracker'!E:E,#REF!,'Profiles Tracker'!G:G,Q$1,'Profiles Tracker'!#REF!,"Week 16") -> #REF! | AL66: =COUNTIFS('Profiles Tracker'!E:E,#REF!,'Profiles Tracker'!G:G,Q$1,'Profiles Tracker'!#REF!,"Week 17") -> #REF! | AM66: =COUNTIFS('Profiles Tracker'!E:E,#REF!,'Profiles Tracker'!G:G,Q$1,'Profiles Tracker'!#REF!,"Week 18") -> #REF!
A67: =ROW()-1 -> 66 | B67: ADCL | C67: Roads | E67: 45668 | F67: PM ( Structures & Roads ) | G67: 3 | H67: 45777 | I67: Mr. Raghu Rama Raju | J67: Mr. Ravindra Varma | K67: ANY-70 | M67: APM & Above | N67: =COUNTIFS('Profiles Tracker'!E:E,#REF!,'Profiles Tracker'!G:G,"Profile shared with Interviewer") -> 0 | O67: =COUNTIFS('Profiles Tracker'!E:E,#REF!,'Profiles Tracker'!G:G,"Shortlisted for next round of interview") -> 0 | P67: =COUNTIFS('Profiles Tracker'!E:E,#REF!,'Profiles Tracker'!G:G,P$1) -> 0 | Q67: =COUNTIFS('Profiles Tracker'!E:E,#REF!,'Profiles Tracker'!G:G,Q$1) -> 0 | R67: =COUNTIFS('Profiles Tracker'!E:E,#REF!,'Profiles Tracker'!G:G,R$1) -> 0 | S67: =COUNTIFS('Profiles Tracker'!E:E,#REF!,'Profiles Tracker'!G:G,"Interview Done",'Profiles Tracker'!O:O,"Rejected") -> 0 | T67: =COUNTIFS('Profiles Tracker'!E:E,#REF!,'Profiles Tracker'!G:G,T$1) -> 0 | U67: =N67+P67+Q67+R67+S67+T67 -> 0 | V67: =IF((G67-R67-Q67)<1,0,G67-R67-Q67) -> 3 | W67: =FLOOR(G67,1) -> 3 | X67: =FLOOR(W67,1) -> 3 | Y67: =X67*3 -> 9 | Z67: =IF(W67-SUM(Q67:R67)<1,0,W67-SUM(Q67:R67)) -> 3 | AA67: =IF(X67-SUM(P67:R67)<1,0,X67-SUM(P67:R67)) -> 3 | AB67: =IF(AA67*3-N67<1,0,AA67*3-N67) -> 9 | AC67: =IF(M67="APM Below",H67-45,IF(M67="APM & Above", H67-60,H67-90)) -> 45717 | AD67: =IFERROR(AC67-5,"NA") -> 45712 | AE67: =IFERROR(AD67-7,"NA") -> 45705 | AF67: =CEILING((AC67-TODAY())/7,1) -> -56 | AG67: =CEILING((AD67-TODAY())/7,1) -> -57 | AH67: =CEILING((AE67-TODAY())/7,1) -> -58 | AI67: =COUNTIFS('Profiles Tracker'!E:E,#REF!,'Profiles Tracker'!G:G,Q$1,'Profiles Tracker'!#REF!,"Week 14") -> #REF! | AJ67: =COUNTIFS('Profiles Tracker'!E:E,#REF!,'Profiles Tracker'!G:G,Q$1,'Profiles Tracker'!#REF!,"Week 15") -> #REF! | AK67: =COUNTIFS('Profiles Tracker'!E:E,#REF!,'Profiles Tracker'!G:G,Q$1,'Profiles Tracker'!#REF!,"Week 16") -> #REF! | AL67: =COUNTIFS('Profiles Tracker'!E:E,#REF!,'Profiles Tracker'!G:G,Q$1,'Profiles Tracker'!#REF!,"Week 17") -> #REF! | AM67: =COUNTIFS('Profiles Tracker'!E:E,#REF!,'Profiles Tracker'!G:G,Q$1,'Profiles Tracker'!#REF!,"Week 18") -> #REF!
A68: =ROW()-1 -> 67 | B68: ADCL | C68: Structures | E68: 45668 | F68: DPM Structures | G68: 0 | H68: 45777 | I68: Mr. Raghu Rama Raju | J68: Mr. Ravindra Varma | K68: ANY-71 | M68: APM & Above | N68: =COUNTIFS('Profiles Tracker'!E:E,#REF!,'Profiles Tracker'!G:G,"Profile shared with Interviewer") -> 0 | O68: =COUNTIFS('Profiles Tracker'!E:E,#REF!,'Profiles Tracker'!G:G,"Shortlisted for next round of interview") -> 0 | P68: =COUNTIFS('Profiles Tracker'!E:E,#REF!,'Profiles Tracker'!G:G,P$1) -> 0 | Q68: =COUNTIFS('Profiles Tracker'!E:E,#REF!,'Profiles Tracker'!G:G,Q$1) -> 0 | R68: =COUNTIFS('Profiles Tracker'!E:E,#REF!,'Profiles Tracker'!G:G,R$1) -> 0 | S68: =COUNTIFS('Profiles Tracker'!E:E,#REF!,'Profiles Tracker'!G:G,"Interview Done",'Profiles Tracker'!O:O,"Rejected") -> 0 | T68: =COUNTIFS('Profiles Tracker'!E:E,#REF!,'Profiles Tracker'!G:G,T$1) -> 0 | U68: =N68+P68+Q68+R68+S68+T68 -> 0 | V68: =IF((G68-R68-Q68)<1,0,G68-R68-Q68) -> 0 | W68: =FLOOR(G68,1) -> 0 | X68: =FLOOR(W68,1) -> 0 | Y68: =X68*3 -> 0 | Z68: =IF(W68-SUM(Q68:R68)<1,0,W68-SUM(Q68:R68)) -> 0 | AA68: =IF(X68-SUM(P68:R68)<1,0,X68-SUM(P68:R68)) -> 0 | AB68: =IF(AA68*3-N68<1,0,AA68*3-N68) -> 0 | AC68: =IF(M68="APM Below",H68-45,IF(M68="APM & Above", H68-60,H68-90)) -> 45717 | AD68: =IFERROR(AC68-5,"NA") -> 45712 | AE68: =IFERROR(AD68-7,"NA") -> 45705 | AF68: =CEILING((AC68-TODAY())/7,1) -> -56 | AG68: =CEILING((AD68-TODAY())/7,1) -> -57 | AH68: =CEILING((AE68-TODAY())/7,1) -> -58 | AI68: =COUNTIFS('Profiles Tracker'!E:E,#REF!,'Profiles Tracker'!G:G,Q$1,'Profiles Tracker'!#REF!,"Week 14") -> #REF! | AJ68: =COUNTIFS('Profiles Tracker'!E:E,#REF!,'Profiles Tracker'!G:G,Q$1,'Profiles Tracker'!#REF!,"Week 15") -> #REF! | AK68: =COUNTIFS('Profiles Tracker'!E:E,#REF!,'Profiles Tracker'!G:G,Q$1,'Profiles Tracker'!#REF!,"Week 16") -> #REF! | AL68: =COUNTIFS('Profiles Tracker'!E:E,#REF!,'Profiles Tracker'!G:G,Q$1,'Profiles Tracker'!#REF!,"Week 17") -> #REF! | AM68: =COUNTIFS('Profiles Tracker'!E:E,#REF!,'Profiles Tracker'!G:G,Q$1,'Profiles Tracker'!#REF!,"Week 18") -> #REF!
A69: =ROW()-1 -> 68 | B69: ADCL | C69: Roads | E69: 45668 | F69: DPM Roads | G69: 0 | H69: 45777 | I69: Mr. Raghu Rama Raju | J69: Mr. Ravindra Varma | K69: ANY-72 | M69: APM & Above | N69: =COUNTIFS('Profiles Tracker'!E:E,#REF!,'Profiles Tracker'!G:G,"Profile shared with Interviewer") -> 0 | O69: =COUNTIFS('Profiles Tracker'!E:E,#REF!,'Profiles Tracker'!G:G,"Shortlisted for next round of interview") -> 0 | P69: =COUNTIFS('Profiles Tracker'!E:E,#REF!,'Profiles Tracker'!G:G,P$1) -> 0 | Q69: =COUNTIFS('Profiles Tracker'!E:E,#REF!,'Profiles Tracker'!G:G,Q$1) -> 0 | R69: =COUNTIFS('Profiles Tracker'!E:E,#REF!,'Profiles Tracker'!G:G,R$1) -> 0 | S69: =COUNTIFS('Profiles Tracker'!E:E,#REF!,'Profiles Tracker'!G:G,"Interview Done",'Profiles Tracker'!O:O,"Rejected") -> 0 | T69: =COUNTIFS('Profiles Tracker'!E:E,#REF!,'Profiles Tracker'!G:G,T$1) -> 0 | U69: =N69+P69+Q69+R69+S69+T69 -> 0 | V69: =IF((G69-R69-Q69)<1,0,G69-R69-Q69) -> 0 | W69: =FLOOR(G69,1) -> 0 | X69: =FLOOR(W69,1) -> 0 | Y69: =X69*3 -> 0 | Z69: =IF(W69-SUM(Q69:R69)<1,0,W69-SUM(Q69:R69)) -> 0 | AA69: =IF(X69-SUM(P69:R69)<1,0,X69-SUM(P69:R69)) -> 0 | AB69: =IF(AA69*3-N69<1,0,AA69*3-N69) -> 0 | AC69: =IF(M69="APM Below",H69-45,IF(M69="APM & Above", H69-60,H69-90)) -> 45717 | AD69: =IFERROR(AC69-5,"NA") -> 45712 | AE69: =IFERROR(AD69-7,"NA") -> 45705 | AF69: =CEILING((AC69-TODAY())/7,1) -> -56 | AG69: =CEILING((AD69-TODAY())/7,1) -> -57 | AH69: =CEILING((AE69-TODAY())/7,1) -> -58 | AI69: =COUNTIFS('Profiles Tracker'!E:E,#REF!,'Profiles Tracker'!G:G,Q$1,'Profiles Tracker'!#REF!,"Week 14") -> #REF! | AJ69: =COUNTIFS('Profiles Tracker'!E:E,#REF!,'Profiles Tracker'!G:G,Q$1,'Profiles Tracker'!#REF!,"Week 15") -> #REF! | AK69: =COUNTIFS('Profiles Tracker'!E:E,#REF!,'Profiles Tracker'!G:G,Q$1,'Profiles Tracker'!#REF!,"Week 16") -> #REF! | AL69: =COUNTIFS('Profiles Tracker'!E:E,#REF!,'Profiles Tracker'!G:G,Q$1,'Profiles Tracker'!#REF!,"Week 17") -> #REF! | AM69: =COUNTIFS('Profiles Tracker'!E:E,#REF!,'Profiles Tracker'!G:G,Q$1,'Profiles Tracker'!#REF!,"Week 18") -> #REF!
A70: =ROW()-1 -> 69 | B70: ADCL | C70: Structures | E70: 45668 | F70: Sr.Engineer (Structures ) | G70: 0 | H70: 45777 | I70: Mr. Radha Krishna (Consultant) | J70: Mr. Ravindra Varma | K70: ANY-73 | M70: APM Below | N70: =COUNTIFS('Profiles Tracker'!E:E,#REF!,'Profiles Tracker'!G:G,"Profile shared with Interviewer") -> 0 | O70: =COUNTIFS('Profiles Tracker'!E:E,#REF!,'Profiles Tracker'!G:G,"Shortlisted for next round of interview") -> 0 | P70: =COUNTIFS('Profiles Tracker'!E:E,#REF!,'Profiles Tracker'!G:G,P$1) -> 0 | Q70: =COUNTIFS('Profiles Tracker'!E:E,#REF!,'Profiles Tracker'!G:G,Q$1) -> 0 | R70: =COUNTIFS('Profiles Tracker'!E:E,#REF!,'Profiles Tracker'!G:G,R$1) -> 0 | S70: =COUNTIFS('Profiles Tracker'!E:E,#REF!,'Profiles Tracker'!G:G,"Interview Done",'Profiles Tracker'!O:O,"Rejected") -> 0 | T70: =COUNTIFS('Profiles Tracker'!E:E,#REF!,'Profiles Tracker'!G:G,T$1) -> 0 | U70: =N70+P70+Q70+R70+S70+T70 -> 0 | V70: =IF((G70-R70-Q70)<1,0,G70-R70-Q70) -> 0 | W70: =FLOOR(G70,1) -> 0 | X70: =FLOOR(W70,1) -> 0 | Y70: =X70*3 -> 0 | Z70: =IF(W70-SUM(Q70:R70)<1,0,W70-SUM(Q70:R70)) -> 0 | AA70: =IF(X70-SUM(P70:R70)<1,0,X70-SUM(P70:R70)) -> 0 | AB70: =IF(AA70*3-N70<1,0,AA70*3-N70) -> 0 | AC70: =IF(M70="APM Below",H70-45,IF(M70="APM & Above", H70-60,H70-90)) -> 45732 | AD70: =IFERROR(AC70-5,"NA") -> 45727 | AE70: =IFERROR(AD70-7,"NA") -> 45720 | AF70: =CEILING((AC70-TODAY())/7,1) -> -54 | AG70: =CEILING((AD70-TODAY())/7,1) -> -55 | AH70: =CEILING((AE70-TODAY())/7,1) -> -56 | AI70: =COUNTIFS('Profiles Tracker'!E:E,#REF!,'Profiles Tracker'!G:G,Q$1,'Profiles Tracker'!#REF!,"Week 14") -> #REF! | AJ70: =COUNTIFS('Profiles Tracker'!E:E,#REF!,'Profiles Tracker'!G:G,Q$1,'Profiles Tracker'!#REF!,"Week 15") -> #REF! | AK70: =COUNTIFS('Profiles Tracker'!E:E,#REF!,'Profiles Tracker'!G:G,Q$1,'Profiles Tracker'!#REF!,"Week 16") -> #REF! | AL70: =COUNTIFS('Profiles Tracker'!E:E,#REF!,'Profiles Tracker'!G:G,Q$1,'Profiles Tracker'!#REF!,"Week 17") -> #REF! | AM70: =COUNTIFS('Profiles Tracker'!E:E,#REF!,'Profiles Tracker'!G:G,Q$1,'Profiles Tracker'!#REF!,"Week 18") -> #REF!
A71: =ROW()-1 -> 70 | B71: ADCL | C71: Roads | E71: 45668 | F71: Sr.Engineer ( Roads & Miscellaneous ) | G71: 0 | H71: 45777 | I71: Mr. Varaprasad (Consultant) | J71: Mr. Ravindra Varma | K71: ANY-74 | M71: APM Below | N71: =COUNTIFS('Profiles Tracker'!E:E,#REF!,'Profiles Tracker'!G:G,"Profile shared with Interviewer") -> 0 | O71: =COUNTIFS('Profiles Tracker'!E:E,#REF!,'Profiles Tracker'!G:G,"Shortlisted for next round of interview") -> 0 | P71: =COUNTIFS('Profiles Tracker'!E:E,#REF!,'Profiles Tracker'!G:G,P$1) -> 0 | Q71: =COUNTIFS('Profiles Tracker'!E:E,#REF!,'Profiles Tracker'!G:G,Q$1) -> 0 | R71: =COUNTIFS('Profiles Tracker'!E:E,#REF!,'Profiles Tracker'!G:G,R$1) -> 0 | S71: =COUNTIFS('Profiles Tracker'!E:E,#REF!,'Profiles Tracker'!G:G,"Interview Done",'Profiles Tracker'!O:O,"Rejected") -> 0 | T71: =COUNTIFS('Profiles Tracker'!E:E,#REF!,'Profiles Tracker'!G:G,T$1) -> 0 | U71: =N71+P71+Q71+R71+S71+T71 -> 0 | V71: =IF((G71-R71-Q71)<1,0,G71-R71-Q71) -> 0 | W71: =FLOOR(G71,1) -> 0 | X71: =FLOOR(W71,1) -> 0 | Y71: =X71*3 -> 0 | Z71: =IF(W71-SUM(Q71:R71)<1,0,W71-SUM(Q71:R71)) -> 0 | AA71: =IF(X71-SUM(P71:R71)<1,0,X71-SUM(P71:R71)) -> 0 | AB71: =IF(AA71*3-N71<1,0,AA71*3-N71) -> 0 | AC71: =IF(M71="APM Below",H71-45,IF(M71="APM & Above", H71-60,H71-90)) -> 45732 | AD71: =IFERROR(AC71-5,"NA") -> 45727 | AE71: =IFERROR(AD71-7,"NA") -> 45720 | AF71: =CEILING((AC71-TODAY())/7,1) -> -54 | AG71: =CEILING((AD71-TODAY())/7,1) -> -55 | AH71: =CEILING((AE71-TODAY())/7,1) -> -56 | AI71: =COUNTIFS('Profiles Tracker'!E:E,#REF!,'Profiles Tracker'!G:G,Q$1,'Profiles Tracker'!#REF!,"Week 14") -> #REF! | AJ71: =COUNTIFS('Profiles Tracker'!E:E,#REF!,'Profiles Tracker'!G:G,Q$1,'Profiles Tracker'!#REF!,"Week 15") -> #REF! | AK71: =COUNTIFS('Profiles Tracker'!E:E,#REF!,'Profiles Tracker'!G:G,Q$1,'Profiles Tracker'!#REF!,"Week 16") -> #REF! | AL71: =COUNTIFS('Profiles Tracker'!E:E,#REF!,'Profiles Tracker'!G:G,Q$1,'Profiles Tracker'!#REF!,"Week 17") -> #REF! | AM71: =COUNTIFS('Profiles Tracker'!E:E,#REF!,'Profiles Tracker'!G:G,Q$1,'Profiles Tracker'!#REF!,"Week 18") -> #REF!
A72: =ROW()-1 -> 71 | B72: ADCL | C72: Structures | E72: 45668 | F72: Engineers ( Structures ) | H72: 45777 | I72: Mr. Madhusudhan Reddy | J72: Mr. Ravindra Varma | K72: ANY-75 | M72: APM Below | N72: =COUNTIFS('Profiles Tracker'!E:E,#REF!,'Profiles Tracker'!G:G,"Profile shared with Interviewer") -> 0 | O72: =COUNTIFS('Profiles Tracker'!E:E,#REF!,'Profiles Tracker'!G:G,"Shortlisted for next round of interview") -> 0 | P72: =COUNTIFS('Profiles Tracker'!E:E,#REF!,'Profiles Tracker'!G:G,P$1) -> 0 | Q72: =COUNTIFS('Profiles Tracker'!E:E,#REF!,'Profiles Tracker'!G:G,Q$1) -> 0 | R72: =COUNTIFS('Profiles Tracker'!E:E,#REF!,'Profiles Tracker'!G:G,R$1) -> 0 | S72: =COUNTIFS('Profiles Tracker'!E:E,#REF!,'Profiles Tracker'!G:G,"Interview Done",'Profiles Tracker'!O:O,"Rejected") -> 0 | T72: =COUNTIFS('Profiles Tracker'!E:E,#REF!,'Profiles Tracker'!G:G,T$1) -> 0 | U72: =N72+P72+Q72+R72+S72+T72 -> 0 | V72: =IF((G72-R72-Q72)<1,0,G72-R72-Q72) -> 0 | W72: =FLOOR(G72,1) -> 0 | X72: =FLOOR(W72,1) -> 0 | Y72: =X72*3 -> 0 | Z72: =IF(W72-SUM(Q72:R72)<1,0,W72-SUM(Q72:R72)) -> 0 | AA72: =IF(X72-SUM(P72:R72)<1,0,X72-SUM(P72:R72)) -> 0 | AB72: =IF(AA72*3-N72<1,0,AA72*3-N72) -> 0 | AC72: =IF(M72="APM Below",H72-45,IF(M72="APM & Above", H72-60,H72-90)) -> 45732 | AD72: =IFERROR(AC72-5,"NA") -> 45727 | AE72: =IFERROR(AD72-7,"NA") -> 45720 | AF72: =CEILING((AC72-TODAY())/7,1) -> -54 | AG72: =CEILING((AD72-TODAY())/7,1) -> -55 | AH72: =CEILING((AE72-TODAY())/7,1) -> -56 | AI72: =COUNTIFS('Profiles Tracker'!E:E,#REF!,'Profiles Tracker'!G:G,Q$1,'Profiles Tracker'!#REF!,"Week 14") -> #REF! | AJ72: =COUNTIFS('Profiles Tracker'!E:E,#REF!,'Profiles Tracker'!G:G,Q$1,'Profiles Tracker'!#REF!,"Week 15") -> #REF! | AK72: =COUNTIFS('Profiles Tracker'!E:E,#REF!,'Profiles Tracker'!G:G,Q$1,'Profiles Tracker'!#REF!,"Week 16") -> #REF! | AL72: =COUNTIFS('Profiles Tracker'!E:E,#REF!,'Profiles Tracker'!G:G,Q$1,'Profiles Tracker'!#REF!,"Week 17") -> #REF! | AM72: =COUNTIFS('Profiles Tracker'!E:E,#REF!,'Profiles Tracker'!G:G,Q$1,'Profiles Tracker'!#REF!,"Week 18") -> #REF!
A73: =ROW()-1 -> 72 | B73: ADCL | C73: Roads | E73: 45668 | F73: Engineers ( Roads ) | H73: 45777 | I73: Mr. Varaprasad (Consultant) | J73: Mr. Ravindra Varma | K73: ANY-76 | M73: APM Below | N73: =COUNTIFS('Profiles Tracker'!E:E,#REF!,'Profiles Tracker'!G:G,"Profile shared with Interviewer") -> 0 | O73: =COUNTIFS('Profiles Tracker'!E:E,#REF!,'Profiles Tracker'!G:G,"Shortlisted for next round of interview") -> 0 | P73: =COUNTIFS('Profiles Tracker'!E:E,#REF!,'Profiles Tracker'!G:G,P$1) -> 0 | Q73: =COUNTIFS('Profiles Tracker'!E:E,#REF!,'Profiles Tracker'!G:G,Q$1) -> 0 | R73: =COUNTIFS('Profiles Tracker'!E:E,#REF!,'Profiles Tracker'!G:G,R$1) -> 0 | S73: =COUNTIFS('Profiles Tracker'!E:E,#REF!,'Profiles Tracker'!G:G,"Interview Done",'Profiles Tracker'!O:O,"Rejected") -> 0 | T73: =COUNTIFS('Profiles Tracker'!E:E,#REF!,'Profiles Tracker'!G:G,T$1) -> 0 | U73: =N73+P73+Q73+R73+S73+T73 -> 0 | V73: =IF((G73-R73-Q73)<1,0,G73-R73-Q73) -> 0 | W73: =FLOOR(G73,1) -> 0 | X73: =FLOOR(W73,1) -> 0 | Y73: =X73*3 -> 0 | Z73: =IF(W73-SUM(Q73:R73)<1,0,W73-SUM(Q73:R73)) -> 0 | AA73: =IF(X73-SUM(P73:R73)<1,0,X73-SUM(P73:R73)) -> 0 | AB73: =IF(AA73*3-N73<1,0,AA73*3-N73) -> 0 | AC73: =IF(M73="APM Below",H73-45,IF(M73="APM & Above", H73-60,H73-90)) -> 45732 | AD73: =IFERROR(AC73-5,"NA") -> 45727 | AE73: =IFERROR(AD73-7,"NA") -> 45720 | AF73: =CEILING((AC73-TODAY())/7,1) -> -54 | AG73: =CEILING((AD73-TODAY())/7,1) -> -55 | AH73: =CEILING((AE73-TODAY())/7,1) -> -56 | AI73: =COUNTIFS('Profiles Tracker'!E:E,#REF!,'Profiles Tracker'!G:G,Q$1,'Profiles Tracker'!#REF!,"Week 14") -> #REF! | AJ73: =COUNTIFS('Profiles Tracker'!E:E,#REF!,'Profiles Tracker'!G:G,Q$1,'Profiles Tracker'!#REF!,"Week 15") -> #REF! | AK73: =COUNTIFS('Profiles Tracker'!E:E,#REF!,'Profiles Tracker'!G:G,Q$1,'Profiles Tracker'!#REF!,"Week 16") -> #REF! | AL73: =COUNTIFS('Profiles Tracker'!E:E,#REF!,'Profiles Tracker'!G:G,Q$1,'Profiles Tracker'!#REF!,"Week 17") -> #REF! | AM73: =COUNTIFS('Profiles Tracker'!E:E,#REF!,'Profiles Tracker'!G:G,Q$1,'Profiles Tracker'!#REF!,"Week 18") -> #REF!
A74: =ROW()-1 -> 73 | B74: ADCL | C74: Structures | E74: 45668 | F74: Jr.Engineer ( structures) | H74: 45777 | I74: Mr. Radha Krishna (Consultant) | J74: Mr. Venu | K74: ANY-77 | M74: APM Below | N74: =COUNTIFS('Profiles Tracker'!E:E,#REF!,'Profiles Tracker'!G:G,"Profile shared with Interviewer") -> 0 | O74: =COUNTIFS('Profiles Tracker'!E:E,#REF!,'Profiles Tracker'!G:G,"Shortlisted for next round of interview") -> 0 | P74: =COUNTIFS('Profiles Tracker'!E:E,#REF!,'Profiles Tracker'!G:G,P$1) -> 0 | Q74: =COUNTIFS('Profiles Tracker'!E:E,#REF!,'Profiles Tracker'!G:G,Q$1) -> 0 | R74: =COUNTIFS('Profiles Tracker'!E:E,#REF!,'Profiles Tracker'!G:G,R$1) -> 0 | S74: =COUNTIFS('Profiles Tracker'!E:E,#REF!,'Profiles Tracker'!G:G,"Interview Done",'Profiles Tracker'!O:O,"Rejected") -> 0 | T74: =COUNTIFS('Profiles Tracker'!E:E,#REF!,'Profiles Tracker'!G:G,T$1) -> 0 | U74: =N74+P74+Q74+R74+S74+T74 -> 0 | V74: =IF((G74-R74-Q74)<1,0,G74-R74-Q74) -> 0 | W74: =FLOOR(G74,1) -> 0 | X74: =FLOOR(W74,1) -> 0 | Y74: =X74*3 -> 0 | Z74: =IF(W74-SUM(Q74:R74)<1,0,W74-SUM(Q74:R74)) -> 0 | AA74: =IF(X74-SUM(P74:R74)<1,0,X74-SUM(P74:R74)) -> 0 | AB74: =IF(AA74*3-N74<1,0,AA74*3-N74) -> 0 | AC74: =IF(M74="APM Below",H74-45,IF(M74="APM & Above", H74-60,H74-90)) -> 45732 | AD74: =IFERROR(AC74-5,"NA") -> 45727 | AE74: =IFERROR(AD74-7,"NA") -> 45720 | AF74: =CEILING((AC74-TODAY())/7,1) -> -54 | AG74: =CEILING((AD74-TODAY())/7,1) -> -55 | AH74: =CEILING((AE74-TODAY())/7,1) -> -56 | AI74: =COUNTIFS('Profiles Tracker'!E:E,#REF!,'Profiles Tracker'!G:G,Q$1,'Profiles Tracker'!#REF!,"Week 14") -> #REF! | AJ74: =COUNTIFS('Profiles Tracker'!E:E,#REF!,'Profiles Tracker'!G:G,Q$1,'Profiles Tracker'!#REF!,"Week 15") -> #REF! | AK74: =COUNTIFS('Profiles Tracker'!E:E,#REF!,'Profiles Tracker'!G:G,Q$1,'Profiles Tracker'!#REF!,"Week 16") -> #REF! | AL74: =COUNTIFS('Profiles Tracker'!E:E,#REF!,'Profiles Tracker'!G:G,Q$1,'Profiles Tracker'!#REF!,"Week 17") -> #REF! | AM74: =COUNTIFS('Profiles Tracker'!E:E,#REF!,'Profiles Tracker'!G:G,Q$1,'Profiles Tracker'!#REF!,"Week 18") -> #REF!
A75: =ROW()-1 -> 74 | B75: ADCL | C75: Roads | E75: 45668 | F75: Jr. Engineer ( Roads ) | H75: 45777 | I75: Mr. Varaprasad (Consultant) | J75: Mr. Ravindra Varma | K75: ANY-78 | M75: APM Below | N75: =COUNTIFS('Profiles Tracker'!E:E,#REF!,'Profiles Tracker'!G:G,"Profile shared with Interviewer") -> 0 | O75: =COUNTIFS('Profiles Tracker'!E:E,#REF!,'Profiles Tracker'!G:G,"Shortlisted for next round of interview") -> 0 | P75: =COUNTIFS('Profiles Tracker'!E:E,#REF!,'Profiles Tracker'!G:G,P$1) -> 0 | Q75: =COUNTIFS('Profiles Tracker'!E:E,#REF!,'Profiles Tracker'!G:G,Q$1) -> 0 | R75: =COUNTIFS('Profiles Tracker'!E:E,#REF!,'Profiles Tracker'!G:G,R$1) -> 0 | S75: =COUNTIFS('Profiles Tracker'!E:E,#REF!,'Profiles Tracker'!G:G,"Interview Done",'Profiles Tracker'!O:O,"Rejected") -> 0 | T75: =COUNTIFS('Profiles Tracker'!E:E,#REF!,'Profiles Tracker'!G:G,T$1) -> 0 | U75: =N75+P75+Q75+R75+S75+T75 -> 0 | V75: =IF((G75-R75-Q75)<1,0,G75-R75-Q75) -> 0 | W75: =FLOOR(G75,1) -> 0 | X75: =FLOOR(W75,1) -> 0 | Y75: =X75*3 -> 0 | Z75: =IF(W75-SUM(Q75:R75)<1,0,W75-SUM(Q75:R75)) -> 0 | AA75: =IF(X75-SUM(P75:R75)<1,0,X75-SUM(P75:R75)) -> 0 | AB75: =IF(AA75*3-N75<1,0,AA75*3-N75) -> 0 | AC75: =IF(M75="APM Below",H75-45,IF(M75="APM & Above", H75-60,H75-90)) -> 45732 | AD75: =IFERROR(AC75-5,"NA") -> 45727 | AE75: =IFERROR(AD75-7,"NA") -> 45720 | AF75: =CEILING((AC75-TODAY())/7,1) -> -54 | AG75: =CEILING((AD75-TODAY())/7,1) -> -55 | AH75: =CEILING((AE75-TODAY())/7,1) -> -56 | AI75: =COUNTIFS('Profiles Tracker'!E:E,#REF!,'Profiles Tracker'!G:G,Q$1,'Profiles Tracker'!#REF!,"Week 14") -> #REF! | AJ75: =COUNTIFS('Profiles Tracker'!E:E,#REF!,'Profiles Tracker'!G:G,Q$1,'Profiles Tracker'!#REF!,"Week 15") -> #REF! | AK75: =COUNTIFS('Profiles Tracker'!E:E,#REF!,'Profiles Tracker'!G:G,Q$1,'Profiles Tracker'!#REF!,"Week 16") -> #REF! | AL75: =COUNTIFS('Profiles Tracker'!E:E,#REF!,'Profiles Tracker'!G:G,Q$1,'Profiles Tracker'!#REF!,"Week 17") -> #REF! | AM75: =COUNTIFS('Profiles Tracker'!E:E,#REF!,'Profiles Tracker'!G:G,Q$1,'Profiles Tracker'!#REF!,"Week 18") -> #REF!
A76: =ROW()-1 -> 75 | B76: ADCL | E76: 45668 | F76: Surveyors | H76: 45777 | I76: Mr. Swaroop (Consultant) | J76: Mr. Srinivas | K76: ANY-79 | M76: APM Below | N76: =COUNTIFS('Profiles Tracker'!E:E,#REF!,'Profiles Tracker'!G:G,"Profile shared with Interviewer") -> 0 | O76: =COUNTIFS('Profiles Tracker'!E:E,#REF!,'Profiles Tracker'!G:G,"Shortlisted for next round of interview") -> 0 | P76: =COUNTIFS('Profiles Tracker'!E:E,#REF!,'Profiles Tracker'!G:G,P$1) -> 0 | Q76: =COUNTIFS('Profiles Tracker'!E:E,#REF!,'Profiles Tracker'!G:G,Q$1) -> 0 | R76: =COUNTIFS('Profiles Tracker'!E:E,#REF!,'Profiles Tracker'!G:G,R$1) -> 0 | S76: =COUNTIFS('Profiles Tracker'!E:E,#REF!,'Profiles Tracker'!G:G,"Interview Done",'Profiles Tracker'!O:O,"Rejected") -> 0 | T76: =COUNTIFS('Profiles Tracker'!E:E,#REF!,'Profiles Tracker'!G:G,T$1) -> 0 | U76: =N76+P76+Q76+R76+S76+T76 -> 0 | V76: =IF((G76-R76-Q76)<1,0,G76-R76-Q76) -> 0 | W76: =FLOOR(G76,1) -> 0 | X76: =FLOOR(W76,1) -> 0 | Y76: =X76*3 -> 0 | Z76: =IF(W76-SUM(Q76:R76)<1,0,W76-SUM(Q76:R76)) -> 0 | AA76: =IF(X76-SUM(P76:R76)<1,0,X76-SUM(P76:R76)) -> 0 | AB76: =IF(AA76*3-N76<1,0,AA76*3-N76) -> 0 | AC76: =IF(M76="APM Below",H76-45,IF(M76="APM & Above", H76-60,H76-90)) -> 45732 | AD76: =IFERROR(AC76-5,"NA") -> 45727 | AE76: =IFERROR(AD76-7,"NA") -> 45720 | AF76: =CEILING((AC76-TODAY())/7,1) -> -54 | AG76: =CEILING((AD76-TODAY())/7,1) -> -55 | AH76: =CEILING((AE76-TODAY())/7,1) -> -56 | AI76: =COUNTIFS('Profiles Tracker'!E:E,#REF!,'Profiles Tracker'!G:G,Q$1,'Profiles Tracker'!#REF!,"Week 14") -> #REF! | AJ76: =COUNTIFS('Profiles Tracker'!E:E,#REF!,'Profiles Tracker'!G:G,Q$1,'Profiles Tracker'!#REF!,"Week 15") -> #REF! | AK76: =COUNTIFS('Profiles Tracker'!E:E,#REF!,'Profiles Tracker'!G:G,Q$1,'Profiles Tracker'!#REF!,"Week 16") -> #REF! | AL76: =COUNTIFS('Profiles Tracker'!E:E,#REF!,'Profiles Tracker'!G:G,Q$1,'Profiles Tracker'!#REF!,"Week 17") -> #REF! | AM76: =COUNTIFS('Profiles Tracker'!E:E,#REF!,'Profiles Tracker'!G:G,Q$1,'Profiles Tracker'!#REF!,"Week 18") -> #REF!
A77: =ROW()-1 -> 76 | B77: ADCL | E77: 45668 | F77: Supervisors | G77: 6 | H77: 45777 | I77: Mr. Varaprasad (Consultant) | J77: Mr. Ravindra Varma | K77: ANY-81 | M77: APM Below | N77: =COUNTIFS('Profiles Tracker'!E:E,#REF!,'Profiles Tracker'!G:G,"Profile shared with Interviewer") -> 0 | O77: =COUNTIFS('Profiles Tracker'!E:E,#REF!,'Profiles Tracker'!G:G,"Shortlisted for next round of interview") -> 0 | P77: =COUNTIFS('Profiles Tracker'!E:E,#REF!,'Profiles Tracker'!G:G,P$1) -> 0 | Q77: =COUNTIFS('Profiles Tracker'!E:E,#REF!,'Profiles Tracker'!G:G,Q$1) -> 0 | R77: =COUNTIFS('Profiles Tracker'!E:E,#REF!,'Profiles Tracker'!G:G,R$1) -> 0 | S77: =COUNTIFS('Profiles Tracker'!E:E,#REF!,'Profiles Tracker'!G:G,"Interview Done",'Profiles Tracker'!O:O,"Rejected") -> 0 | T77: =COUNTIFS('Profiles Tracker'!E:E,#REF!,'Profiles Tracker'!G:G,T$1) -> 0 | U77: =N77+P77+Q77+R77+S77+T77 -> 0 | V77: =IF((G77-R77-Q77)<1,0,G77-R77-Q77) -> 6 | W77: =FLOOR(G77,1) -> 6 | X77: =FLOOR(W77,1) -> 6 | Y77: =X77*3 -> 18 | Z77: =IF(W77-SUM(Q77:R77)<1,0,W77-SUM(Q77:R77)) -> 6 | AA77: =IF(X77-SUM(P77:R77)<1,0,X77-SUM(P77:R77)) -> 6 | AB77: =IF(AA77*3-N77<1,0,AA77*3-N77) -> 18 | AC77: =IF(M77="APM Below",H77-45,IF(M77="APM & Above", H77-60,H77-90)) -> 45732 | AD77: =IFERROR(AC77-5,"NA") -> 45727 | AE77: =IFERROR(AD77-7,"NA") -> 45720 | AF77: =CEILING((AC77-TODAY())/7,1) -> -54 | AG77: =CEILING((AD77-TODAY())/7,1) -> -55 | AH77: =CEILING((AE77-TODAY())/7,1) -> -56 | AI77: =COUNTIFS('Profiles Tracker'!E:E,#REF!,'Profiles Tracker'!G:G,Q$1,'Profiles Tracker'!#REF!,"Week 14") -> #REF! | AJ77: =COUNTIFS('Profiles Tracker'!E:E,#REF!,'Profiles Tracker'!G:G,Q$1,'Profiles Tracker'!#REF!,"Week 15") -> #REF! | AK77: =COUNTIFS('Profiles Tracker'!E:E,#REF!,'Profiles Tracker'!G:G,Q$1,'Profiles Tracker'!#REF!,"Week 16") -> #REF! | AL77: =COUNTIFS('Profiles Tracker'!E:E,#REF!,'Profiles Tracker'!G:G,Q$1,'Profiles Tracker'!#REF!,"Week 17") -> #REF! | AM77: =COUNTIFS('Profiles Tracker'!E:E,#REF!,'Profiles Tracker'!G:G,Q$1,'Profiles Tracker'!#REF!,"Week 18") -> #REF!
A78: =ROW()-1 -> 77 | B78: ADCL | C78: QC | E78: 45668 | F78: Manager/Asst Manager ( QC ) | H78: 45777 | I78: Mr. Venkata Reddy/ Mr. Nagaraju Matham (Consultants) | J78: Mr. Ravindra Varma | K78: ANY-82 | M78: APM & Above | N78: =COUNTIFS('Profiles Tracker'!E:E,#REF!,'Profiles Tracker'!G:G,"Profile shared with Interviewer") -> 0 | O78: =COUNTIFS('Profiles Tracker'!E:E,#REF!,'Profiles Tracker'!G:G,"Shortlisted for next round of interview") -> 0 | P78: =COUNTIFS('Profiles Tracker'!E:E,#REF!,'Profiles Tracker'!G:G,P$1) -> 0 | Q78: =COUNTIFS('Profiles Tracker'!E:E,#REF!,'Profiles Tracker'!G:G,Q$1) -> 0 | R78: =COUNTIFS('Profiles Tracker'!E:E,#REF!,'Profiles Tracker'!G:G,R$1) -> 0 | S78: =COUNTIFS('Profiles Tracker'!E:E,#REF!,'Profiles Tracker'!G:G,"Interview Done",'Profiles Tracker'!O:O,"Rejected") -> 0 | T78: =COUNTIFS('Profiles Tracker'!E:E,#REF!,'Profiles Tracker'!G:G,T$1) -> 0 | U78: =N78+P78+Q78+R78+S78+T78 -> 0 | V78: =IF((G78-R78-Q78)<1,0,G78-R78-Q78) -> 0 | W78: =FLOOR(G78,1) -> 0 | X78: =FLOOR(W78,1) -> 0 | Y78: =X78*3 -> 0 | Z78: =IF(W78-SUM(Q78:R78)<1,0,W78-SUM(Q78:R78)) -> 0 | AA78: =IF(X78-SUM(P78:R78)<1,0,X78-SUM(P78:R78)) -> 0 | AB78: =IF(AA78*3-N78<1,0,AA78*3-N78) -> 0 | AC78: =IF(M78="APM Below",H78-45,IF(M78="APM & Above", H78-60,H78-90)) -> 45717 | AD78: =IFERROR(AC78-5,"NA") -> 45712 | AE78: =IFERROR(AD78-7,"NA") -> 45705 | AF78: =CEILING((AC78-TODAY())/7,1) -> -56 | AG78: =CEILING((AD78-TODAY())/7,1) -> -57 | AH78: =CEILING((AE78-TODAY())/7,1) -> -58 | AI78: =COUNTIFS('Profiles Tracker'!E:E,#REF!,'Profiles Tracker'!G:G,Q$1,'Profiles Tracker'!#REF!,"Week 14") -> #REF! | AJ78: =COUNTIFS('Profiles Tracker'!E:E,#REF!,'Profiles Tracker'!G:G,Q$1,'Profiles Tracker'!#REF!,"Week 15") -> #REF! | AK78: =COUNTIFS('Profiles Tracker'!E:E,#REF!,'Profiles Tracker'!G:G,Q$1,'Profiles Tracker'!#REF!,"Week 16") -> #REF! | AL78: =COUNTIFS('Profiles Tracker'!E:E,#REF!,'Profiles Tracker'!G:G,Q$1,'Profiles Tracker'!#REF!,"Week 17") -> #REF! | AM78: =COUNTIFS('Profiles Tracker'!E:E,#REF!,'Profiles Tracker'!G:G,Q$1,'Profiles Tracker'!#REF!,"Week 18") -> #REF!
A79: =ROW()-1 -> 78 | B79: ADCL | C79: QC | E79: 45668 | F79: Sr.Engineer (QC) | H79: 45777 | I79: Mr. Rudra Murthy G | J79: Mr. Ravindra Varma | K79: ANY-83 | M79: APM Below | N79: =COUNTIFS('Profiles Tracker'!E:E,#REF!,'Profiles Tracker'!G:G,"Profile shared with Interviewer") -> 0 | O79: =COUNTIFS('Profiles Tracker'!E:E,#REF!,'Profiles Tracker'!G:G,"Shortlisted for next round of interview") -> 0 | P79: =COUNTIFS('Profiles Tracker'!E:E,#REF!,'Profiles Tracker'!G:G,P$1) -> 0 | Q79: =COUNTIFS('Profiles Tracker'!E:E,#REF!,'Profiles Tracker'!G:G,Q$1) -> 0 | R79: =COUNTIFS('Profiles Tracker'!E:E,#REF!,'Profiles Tracker'!G:G,R$1) -> 0 | S79: =COUNTIFS('Profiles Tracker'!E:E,#REF!,'Profiles Tracker'!G:G,"Interview Done",'Profiles Tracker'!O:O,"Rejected") -> 0 | T79: =COUNTIFS('Profiles Tracker'!E:E,#REF!,'Profiles Tracker'!G:G,T$1) -> 0 | U79: =N79+P79+Q79+R79+S79+T79 -> 0 | V79: =IF((G79-R79-Q79)<1,0,G79-R79-Q79) -> 0 | W79: =FLOOR(G79,1) -> 0 | X79: =FLOOR(W79,1) -> 0 | Y79: =X79*3 -> 0 | Z79: =IF(W79-SUM(Q79:R79)<1,0,W79-SUM(Q79:R79)) -> 0 | AA79: =IF(X79-SUM(P79:R79)<1,0,X79-SUM(P79:R79)) -> 0 | AB79: =IF(AA79*3-N79<1,0,AA79*3-N79) -> 0 | AC79: =IF(M79="APM Below",H79-45,IF(M79="APM & Above", H79-60,H79-90)) -> 45732 | AD79: =IFERROR(AC79-5,"NA") -> 45727 | AE79: =IFERROR(AD79-7,"NA") -> 45720 | AF79: =CEILING((AC79-TODAY())/7,1) -> -54 | AG79: =CEILING((AD79-TODAY())/7,1) -> -55 | AH79: =CEILING((AE79-TODAY())/7,1) -> -56 | AI79: =COUNTIFS('Profiles Tracker'!E:E,#REF!,'Profiles Tracker'!G:G,Q$1,'Profiles Tracker'!#REF!,"Week 14") -> #REF! | AJ79: =COUNTIFS('Profiles Tracker'!E:E,#REF!,'Profiles Tracker'!G:G,Q$1,'Profiles Tracker'!#REF!,"Week 15") -> #REF! | AK79: =COUNTIFS('Profiles Tracker'!E:E,#REF!,'Profiles Tracker'!G:G,Q$1,'Profiles Tracker'!#REF!,"Week 16") -> #REF! | AL79: =COUNTIFS('Profiles Tracker'!E:E,#REF!,'Profiles Tracker'!G:G,Q$1,'Profiles Tracker'!#REF!,"Week 17") -> #REF! | AM79: =COUNTIFS('Profiles Tracker'!E:E,#REF!,'Profiles Tracker'!G:G,Q$1,'Profiles Tracker'!#REF!,"Week 18") -> #REF!
A80: =ROW()-1 -> 79 | B80: ADCL | C80: QC | E80: 45668 | F80: Asst Engineer - QC | H80: 45777 | I80: Mr. Venkata Reddy/ Mr. Nagaraju Matham (Consultants) | J80: Mr. Ravindra Varma | K80: ANY-84 | M80: APM Below | N80: =COUNTIFS('Profiles Tracker'!E:E,#REF!,'Profiles Tracker'!G:G,"Profile shared with Interviewer") -> 0 | O80: =COUNTIFS('Profiles Tracker'!E:E,#REF!,'Profiles Tracker'!G:G,"Shortlisted for next round of interview") -> 0 | P80: =COUNTIFS('Profiles Tracker'!E:E,#REF!,'Profiles Tracker'!G:G,P$1) -> 0 | Q80: =COUNTIFS('Profiles Tracker'!E:E,#REF!,'Profiles Tracker'!G:G,Q$1) -> 0 | R80: =COUNTIFS('Profiles Tracker'!E:E,#REF!,'Profiles Tracker'!G:G,R$1) -> 0 | S80: =COUNTIFS('Profiles Tracker'!E:E,#REF!,'Profiles Tracker'!G:G,"Interview Done",'Profiles Tracker'!O:O,"Rejected") -> 0 | T80: =COUNTIFS('Profiles Tracker'!E:E,#REF!,'Profiles Tracker'!G:G,T$1) -> 0 | U80: =N80+P80+Q80+R80+S80+T80 -> 0 | V80: =IF((G80-R80-Q80)<1,0,G80-R80-Q80) -> 0 | W80: =FLOOR(G80,1) -> 0 | X80: =FLOOR(W80,1) -> 0 | Y80: =X80*3 -> 0 | Z80: =IF(W80-SUM(Q80:R80)<1,0,W80-SUM(Q80:R80)) -> 0 | AA80: =IF(X80-SUM(P80:R80)<1,0,X80-SUM(P80:R80)) -> 0 | AB80: =IF(AA80*3-N80<1,0,AA80*3-N80) -> 0 | AC80: =IF(M80="APM Below",H80-45,IF(M80="APM & Above", H80-60,H80-90)) -> 45732 | AD80: =IFERROR(AC80-5,"NA") -> 45727 | AE80: =IFERROR(AD80-7,"NA") -> 45720 | AF80: =CEILING((AC80-TODAY())/7,1) -> -54 | AG80: =CEILING((AD80-TODAY())/7,1) -> -55 | AH80: =CEILING((AE80-TODAY())/7,1) -> -56 | AI80: =COUNTIFS('Profiles Tracker'!E:E,#REF!,'Profiles Tracker'!G:G,Q$1,'Profiles Tracker'!#REF!,"Week 14") -> #REF! | AJ80: =COUNTIFS('Profiles Tracker'!E:E,#REF!,'Profiles Tracker'!G:G,Q$1,'Profiles Tracker'!#REF!,"Week 15") -> #REF! | AK80: =COUNTIFS('Profiles Tracker'!E:E,#REF!,'Profiles Tracker'!G:G,Q$1,'Profiles Tracker'!#REF!,"Week 16") -> #REF! | AL80: =COUNTIFS('Profiles Tracker'!E:E,#REF!,'Profiles Tracker'!G:G,Q$1,'Profiles Tracker'!#REF!,"Week 17") -> #REF! | AM80: =COUNTIFS('Profiles Tracker'!E:E,#REF!,'Profiles Tracker'!G:G,Q$1,'Profiles Tracker'!#REF!,"Week 18") -> #REF!
A81: =ROW()-1 -> 80 | B81: ADCL | C81: QC | E81: 45668 | F81: Technicians | H81: 45777 | I81: Mr. Venkata Reddy/ Mr. Nagaraju Matham (Consultants) | J81: Mr. Ravindra Varma | K81: ANY-85 | M81: APM Below | N81: =COUNTIFS('Profiles Tracker'!E:E,#REF!,'Profiles Tracker'!G:G,"Profile shared with Interviewer") -> 0 | O81: =COUNTIFS('Profiles Tracker'!E:E,#REF!,'Profiles Tracker'!G:G,"Shortlisted for next round of interview") -> 0 | P81: =COUNTIFS('Profiles Tracker'!E:E,#REF!,'Profiles Tracker'!G:G,P$1) -> 0 | Q81: =COUNTIFS('Profiles Tracker'!E:E,#REF!,'Profiles Tracker'!G:G,Q$1) -> 0 | R81: =COUNTIFS('Profiles Tracker'!E:E,#REF!,'Profiles Tracker'!G:G,R$1) -> 0 | S81: =COUNTIFS('Profiles Tracker'!E:E,#REF!,'Profiles Tracker'!G:G,"Interview Done",'Profiles Tracker'!O:O,"Rejected") -> 0 | T81: =COUNTIFS('Profiles Tracker'!E:E,#REF!,'Profiles Tracker'!G:G,T$1) -> 0 | U81: =N81+P81+Q81+R81+S81+T81 -> 0 | V81: =IF((G81-R81-Q81)<1,0,G81-R81-Q81) -> 0 | W81: =FLOOR(G81,1) -> 0 | X81: =FLOOR(W81,1) -> 0 | Y81: =X81*3 -> 0 | Z81: =IF(W81-SUM(Q81:R81)<1,0,W81-SUM(Q81:R81)) -> 0 | AA81: =IF(X81-SUM(P81:R81)<1,0,X81-SUM(P81:R81)) -> 0 | AB81: =IF(AA81*3-N81<1,0,AA81*3-N81) -> 0 | AC81: =IF(M81="APM Below",H81-45,IF(M81="APM & Above", H81-60,H81-90)) -> 45732 | AD81: =IFERROR(AC81-5,"NA") -> 45727 | AE81: =IFERROR(AD81-7,"NA") -> 45720 | AF81: =CEILING((AC81-TODAY())/7,1) -> -54 | AG81: =CEILING((AD81-TODAY())/7,1) -> -55 | AH81: =CEILING((AE81-TODAY())/7,1) -> -56 | AI81: =COUNTIFS('Profiles Tracker'!E:E,#REF!,'Profiles Tracker'!G:G,Q$1,'Profiles Tracker'!#REF!,"Week 14") -> #REF! | AJ81: =COUNTIFS('Profiles Tracker'!E:E,#REF!,'Profiles Tracker'!G:G,Q$1,'Profiles Tracker'!#REF!,"Week 15") -> #REF! | AK81: =COUNTIFS('Profiles Tracker'!E:E,#REF!,'Profiles Tracker'!G:G,Q$1,'Profiles Tracker'!#REF!,"Week 16") -> #REF! | AL81: =COUNTIFS('Profiles Tracker'!E:E,#REF!,'Profiles Tracker'!G:G,Q$1,'Profiles Tracker'!#REF!,"Week 17") -> #REF! | AM81: =COUNTIFS('Profiles Tracker'!E:E,#REF!,'Profiles Tracker'!G:G,Q$1,'Profiles Tracker'!#REF!,"Week 18") -> #REF!
A82: =ROW()-1 -> 81 | B82: ADCL | C82: Planning & QS | E82: 45668 | F82: Sr.Engineer ( QS ) | H82: 45777 | I82: Mr. Subash | J82: Mr. Srinivas | K82: ANY-86 | M82: APM Below | N82: =COUNTIFS('Profiles Tracker'!E:E,#REF!,'Profiles Tracker'!G:G,"Profile shared with Interviewer") -> 0 | O82: =COUNTIFS('Profiles Tracker'!E:E,#REF!,'Profiles Tracker'!G:G,"Shortlisted for next round of interview") -> 0 | P82: =COUNTIFS('Profiles Tracker'!E:E,#REF!,'Profiles Tracker'!G:G,P$1) -> 0 | Q82: =COUNTIFS('Profiles Tracker'!E:E,#REF!,'Profiles Tracker'!G:G,Q$1) -> 0 | R82: =COUNTIFS('Profiles Tracker'!E:E,#REF!,'Profiles Tracker'!G:G,R$1) -> 0 | S82: =COUNTIFS('Profiles Tracker'!E:E,#REF!,'Profiles Tracker'!G:G,"Interview Done",'Profiles Tracker'!O:O,"Rejected") -> 0 | T82: =COUNTIFS('Profiles Tracker'!E:E,#REF!,'Profiles Tracker'!G:G,T$1) -> 0 | U82: =N82+P82+Q82+R82+S82+T82 -> 0 | V82: =IF((G82-R82-Q82)<1,0,G82-R82-Q82) -> 0 | W82: =FLOOR(G82,1) -> 0 | X82: =FLOOR(W82,1) -> 0 | Y82: =X82*3 -> 0 | Z82: =IF(W82-SUM(Q82:R82)<1,0,W82-SUM(Q82:R82)) -> 0 | AA82: =IF(X82-SUM(P82:R82)<1,0,X82-SUM(P82:R82)) -> 0 | AB82: =IF(AA82*3-N82<1,0,AA82*3-N82) -> 0 | AC82: =IF(M82="APM Below",H82-45,IF(M82="APM & Above", H82-60,H82-90)) -> 45732 | AD82: =IFERROR(AC82-5,"NA") -> 45727 | AE82: =IFERROR(AD82-7,"NA") -> 45720 | AF82: =CEILING((AC82-TODAY())/7,1) -> -54 | AG82: =CEILING((AD82-TODAY())/7,1) -> -55 | AH82: =CEILING((AE82-TODAY())/7,1) -> -56 | AI82: =COUNTIFS('Profiles Tracker'!E:E,#REF!,'Profiles Tracker'!G:G,Q$1,'Profiles Tracker'!#REF!,"Week 14") -> #REF! | AJ82: =COUNTIFS('Profiles Tracker'!E:E,#REF!,'Profiles Tracker'!G:G,Q$1,'Profiles Tracker'!#REF!,"Week 15") -> #REF! | AK82: =COUNTIFS('Profiles Tracker'!E:E,#REF!,'Profiles Tracker'!G:G,Q$1,'Profiles Tracker'!#REF!,"Week 16") -> #REF! | AL82: =COUNTIFS('Profiles Tracker'!E:E,#REF!,'Profiles Tracker'!G:G,Q$1,'Profiles Tracker'!#REF!,"Week 17") -> #REF! | AM82: =COUNTIFS('Profiles Tracker'!E:E,#REF!,'Profiles Tracker'!G:G,Q$1,'Profiles Tracker'!#REF!,"Week 18") -> #REF!
A83: =ROW()-1 -> 82 | B83: ADCL | C83: Planning & QS | E83: 45668 | F83: Asst Engineer ( QS ) | H83: 45777 | I83: Mr. Subash | J83: Mr. Srinivas | K83: ANY-87 | M83: APM Below | N83: =COUNTIFS('Profiles Tracker'!E:E,#REF!,'Profiles Tracker'!G:G,"Profile shared with Interviewer") -> 0 | O83: =COUNTIFS('Profiles Tracker'!E:E,#REF!,'Profiles Tracker'!G:G,"Shortlisted for next round of interview") -> 0 | P83: =COUNTIFS('Profiles Tracker'!E:E,#REF!,'Profiles Tracker'!G:G,P$1) -> 0 | Q83: =COUNTIFS('Profiles Tracker'!E:E,#REF!,'Profiles Tracker'!G:G,Q$1) -> 0 | R83: =COUNTIFS('Profiles Tracker'!E:E,#REF!,'Profiles Tracker'!G:G,R$1) -> 0 | S83: =COUNTIFS('Profiles Tracker'!E:E,#REF!,'Profiles Tracker'!G:G,"Interview Done",'Profiles Tracker'!O:O,"Rejected") -> 0 | T83: =COUNTIFS('Profiles Tracker'!E:E,#REF!,'Profiles Tracker'!G:G,T$1) -> 0 | U83: =N83+P83+Q83+R83+S83+T83 -> 0 | V83: =IF((G83-R83-Q83)<1,0,G83-R83-Q83) -> 0 | W83: =FLOOR(G83,1) -> 0 | X83: =FLOOR(W83,1) -> 0 | Y83: =X83*3 -> 0 | Z83: =IF(W83-SUM(Q83:R83)<1,0,W83-SUM(Q83:R83)) -> 0 | AA83: =IF(X83-SUM(P83:R83)<1,0,X83-SUM(P83:R83)) -> 0 | AB83: =IF(AA83*3-N83<1,0,AA83*3-N83) -> 0 | AC83: =IF(M83="APM Below",H83-45,IF(M83="APM & Above", H83-60,H83-90)) -> 45732 | AD83: =IFERROR(AC83-5,"NA") -> 45727 | AE83: =IFERROR(AD83-7,"NA") -> 45720 | AF83: =CEILING((AC83-TODAY())/7,1) -> -54 | AG83: =CEILING((AD83-TODAY())/7,1) -> -55 | AH83: =CEILING((AE83-TODAY())/7,1) -> -56 | AI83: =COUNTIFS('Profiles Tracker'!E:E,#REF!,'Profiles Tracker'!G:G,Q$1,'Profiles Tracker'!#REF!,"Week 14") -> #REF! | AJ83: =COUNTIFS('Profiles Tracker'!E:E,#REF!,'Profiles Tracker'!G:G,Q$1,'Profiles Tracker'!#REF!,"Week 15") -> #REF! | AK83: =COUNTIFS('Profiles Tracker'!E:E,#REF!,'Profiles Tracker'!G:G,Q$1,'Profiles Tracker'!#REF!,"Week 16") -> #REF! | AL83: =COUNTIFS('Profiles Tracker'!E:E,#REF!,'Profiles Tracker'!G:G,Q$1,'Profiles Tracker'!#REF!,"Week 17") -> #REF! | AM83: =COUNTIFS('Profiles Tracker'!E:E,#REF!,'Profiles Tracker'!G:G,Q$1,'Profiles Tracker'!#REF!,"Week 18") -> #REF!
A84: =ROW()-1 -> 83 | B84: ADCL | C84: Stores | E84: 45668 | F84: Strores Asst | G84: 4 | H84: 45777 | I84: Mr. Y Srinivas Rao | J84: Mr. Srinivas | K84: ANY-88 | M84: APM Below | N84: =COUNTIFS('Profiles Tracker'!E:E,#REF!,'Profiles Tracker'!G:G,"Profile shared with Interviewer") -> 0 | O84: =COUNTIFS('Profiles Tracker'!E:E,#REF!,'Profiles Tracker'!G:G,"Shortlisted for next round of interview") -> 0 | P84: =COUNTIFS('Profiles Tracker'!E:E,#REF!,'Profiles Tracker'!G:G,P$1) -> 0 | Q84: =COUNTIFS('Profiles Tracker'!E:E,#REF!,'Profiles Tracker'!G:G,Q$1) -> 0 | R84: =COUNTIFS('Profiles Tracker'!E:E,#REF!,'Profiles Tracker'!G:G,R$1) -> 0 | S84: =COUNTIFS('Profiles Tracker'!E:E,#REF!,'Profiles Tracker'!G:G,"Interview Done",'Profiles Tracker'!O:O,"Rejected") -> 0 | T84: =COUNTIFS('Profiles Tracker'!E:E,#REF!,'Profiles Tracker'!G:G,T$1) -> 0 | U84: =N84+P84+Q84+R84+S84+T84 -> 0 | V84: =IF((G84-R84-Q84)<1,0,G84-R84-Q84) -> 4 | W84: =FLOOR(G84,1) -> 4 | X84: =FLOOR(W84,1) -> 4 | Y84: =X84*3 -> 12 | Z84: =IF(W84-SUM(Q84:R84)<1,0,W84-SUM(Q84:R84)) -> 4 | AA84: =IF(X84-SUM(P84:R84)<1,0,X84-SUM(P84:R84)) -> 4 | AB84: =IF(AA84*3-N84<1,0,AA84*3-N84) -> 12 | AC84: =IF(M84="APM Below",H84-45,IF(M84="APM & Above", H84-60,H84-90)) -> 45732 | AD84: =IFERROR(AC84-5,"NA") -> 45727 | AE84: =IFERROR(AD84-7,"NA") -> 45720 | AF84: =CEILING((AC84-TODAY())/7,1) -> -54 | AG84: =CEILING((AD84-TODAY())/7,1) -> -55 | AH84: =CEILING((AE84-TODAY())/7,1) -> -56 | AI84: =COUNTIFS('Profiles Tracker'!E:E,#REF!,'Profiles Tracker'!G:G,Q$1,'Profiles Tracker'!#REF!,"Week 14") -> #REF! | AJ84: =COUNTIFS('Profiles Tracker'!E:E,#REF!,'Profiles Tracker'!G:G,Q$1,'Profiles Tracker'!#REF!,"Week 15") -> #REF! | AK84: =COUNTIFS('Profiles Tracker'!E:E,#REF!,'Profiles Tracker'!G:G,Q$1,'Profiles Tracker'!#REF!,"Week 16") -> #REF! | AL84: =COUNTIFS('Profiles Tracker'!E:E,#REF!,'Profiles Tracker'!G:G,Q$1,'Profiles Tracker'!#REF!,"Week 17") -> #REF! | AM84: =COUNTIFS('Profiles Tracker'!E:E,#REF!,'Profiles Tracker'!G:G,Q$1,'Profiles Tracker'!#REF!,"Week 18") -> #REF!
A85: =ROW()-1 -> 84 | B85: ADCL | C85: HR & Admin | E85: 45668 | F85: Admin Executives | H85: 45777 | I85: Mr. Ravindra Varma | J85: Mr. Srinivas | K85: ANY-89 | M85: APM Below | N85: =COUNTIFS('Profiles Tracker'!E:E,#REF!,'Profiles Tracker'!G:G,"Profile shared with Interviewer") -> 0 | O85: =COUNTIFS('Profiles Tracker'!E:E,#REF!,'Profiles Tracker'!G:G,"Shortlisted for next round of interview") -> 0 | P85: =COUNTIFS('Profiles Tracker'!E:E,#REF!,'Profiles Tracker'!G:G,P$1) -> 0 | Q85: =COUNTIFS('Profiles Tracker'!E:E,#REF!,'Profiles Tracker'!G:G,Q$1) -> 0 | R85: =COUNTIFS('Profiles Tracker'!E:E,#REF!,'Profiles Tracker'!G:G,R$1) -> 0 | S85: =COUNTIFS('Profiles Tracker'!E:E,#REF!,'Profiles Tracker'!G:G,"Interview Done",'Profiles Tracker'!O:O,"Rejected") -> 0 | T85: =COUNTIFS('Profiles Tracker'!E:E,#REF!,'Profiles Tracker'!G:G,T$1) -> 0 | U85: =N85+P85+Q85+R85+S85+T85 -> 0 | V85: =IF((G85-R85-Q85)<1,0,G85-R85-Q85) -> 0 | W85: =FLOOR(G85,1) -> 0 | X85: =FLOOR(W85,1) -> 0 | Y85: =X85*3 -> 0 | Z85: =IF(W85-SUM(Q85:R85)<1,0,W85-SUM(Q85:R85)) -> 0 | AA85: =IF(X85-SUM(P85:R85)<1,0,X85-SUM(P85:R85)) -> 0 | AB85: =IF(AA85*3-N85<1,0,AA85*3-N85) -> 0 | AC85: =IF(M85="APM Below",H85-45,IF(M85="APM & Above", H85-60,H85-90)) -> 45732 | AD85: =IFERROR(AC85-5,"NA") -> 45727 | AE85: =IFERROR(AD85-7,"NA") -> 45720 | AF85: =CEILING((AC85-TODAY())/7,1) -> -54 | AG85: =CEILING((AD85-TODAY())/7,1) -> -55 | AH85: =CEILING((AE85-TODAY())/7,1) -> -56 | AI85: =COUNTIFS('Profiles Tracker'!E:E,#REF!,'Profiles Tracker'!G:G,Q$1,'Profiles Tracker'!#REF!,"Week 14") -> #REF! | AJ85: =COUNTIFS('Profiles Tracker'!E:E,#REF!,'Profiles Tracker'!G:G,Q$1,'Profiles Tracker'!#REF!,"Week 15") -> #REF! | AK85: =COUNTIFS('Profiles Tracker'!E:E,#REF!,'Profiles Tracker'!G:G,Q$1,'Profiles Tracker'!#REF!,"Week 16") -> #REF! | AL85: =COUNTIFS('Profiles Tracker'!E:E,#REF!,'Profiles Tracker'!G:G,Q$1,'Profiles Tracker'!#REF!,"Week 17") -> #REF! | AM85: =COUNTIFS('Profiles Tracker'!E:E,#REF!,'Profiles Tracker'!G:G,Q$1,'Profiles Tracker'!#REF!,"Week 18") -> #REF!
A86: =ROW()-1 -> 85 | B86: ADCL | C86: P&M | E86: 45668 | F86: Sr. Engineer ( P& M) | G86: 0 | H86: 45777 | I86: Mr. Vijaya Rama Raju | J86: Mr. Venu | K86: ANY-90 | M86: APM Below | N86: =COUNTIFS('Profiles Tracker'!E:E,#REF!,'Profiles Tracker'!G:G,"Profile shared with Interviewer") -> 0 | O86: =COUNTIFS('Profiles Tracker'!E:E,#REF!,'Profiles Tracker'!G:G,"Shortlisted for next round of interview") -> 0 | P86: =COUNTIFS('Profiles Tracker'!E:E,#REF!,'Profiles Tracker'!G:G,P$1) -> 0 | Q86: =COUNTIFS('Profiles Tracker'!E:E,#REF!,'Profiles Tracker'!G:G,Q$1) -> 0 | R86: =COUNTIFS('Profiles Tracker'!E:E,#REF!,'Profiles Tracker'!G:G,R$1) -> 0 | S86: =COUNTIFS('Profiles Tracker'!E:E,#REF!,'Profiles Tracker'!G:G,"Interview Done",'Profiles Tracker'!O:O,"Rejected") -> 0 | T86: =COUNTIFS('Profiles Tracker'!E:E,#REF!,'Profiles Tracker'!G:G,T$1) -> 0 | U86: =N86+P86+Q86+R86+S86+T86 -> 0 | V86: =IF((G86-R86-Q86)<1,0,G86-R86-Q86) -> 0 | W86: =FLOOR(G86,1) -> 0 | X86: =FLOOR(W86,1) -> 0 | Y86: =X86*3 -> 0 | Z86: =IF(W86-SUM(Q86:R86)<1,0,W86-SUM(Q86:R86)) -> 0 | AA86: =IF(X86-SUM(P86:R86)<1,0,X86-SUM(P86:R86)) -> 0 | AB86: =IF(AA86*3-N86<1,0,AA86*3-N86) -> 0 | AC86: =IF(M86="APM Below",H86-45,IF(M86="APM & Above", H86-60,H86-90)) -> 45732 | AD86: =IFERROR(AC86-5,"NA") -> 45727 | AE86: =IFERROR(AD86-7,"NA") -> 45720 | AF86: =CEILING((AC86-TODAY())/7,1) -> -54 | AG86: =CEILING((AD86-TODAY())/7,1) -> -55 | AH86: =CEILING((AE86-TODAY())/7,1) -> -56 | AI86: =COUNTIFS('Profiles Tracker'!E:E,#REF!,'Profiles Tracker'!G:G,Q$1,'Profiles Tracker'!#REF!,"Week 14") -> #REF! | AJ86: =COUNTIFS('Profiles Tracker'!E:E,#REF!,'Profiles Tracker'!G:G,Q$1,'Profiles Tracker'!#REF!,"Week 15") -> #REF! | AK86: =COUNTIFS('Profiles Tracker'!E:E,#REF!,'Profiles Tracker'!G:G,Q$1,'Profiles Tracker'!#REF!,"Week 16") -> #REF! | AL86: =COUNTIFS('Profiles Tracker'!E:E,#REF!,'Profiles Tracker'!G:G,Q$1,'Profiles Tracker'!#REF!,"Week 17") -> #REF! | AM86: =COUNTIFS('Profiles Tracker'!E:E,#REF!,'Profiles Tracker'!G:G,Q$1,'Profiles Tracker'!#REF!,"Week 18") -> #REF!
A87: =ROW()-1 -> 86 | B87: ADCL | C87: P&M | E87: 45668 | F87: Engineer ( P& M) | G87: 0 | H87: 45777 | I87: Mr. Vijaya Rama Raju | J87: Mr. Venu | K87: ANY-91 | M87: APM Below | N87: =COUNTIFS('Profiles Tracker'!E:E,#REF!,'Profiles Tracker'!G:G,"Profile shared with Interviewer") -> 0 | O87: =COUNTIFS('Profiles Tracker'!E:E,#REF!,'Profiles Tracker'!G:G,"Shortlisted for next round of interview") -> 0 | P87: =COUNTIFS('Profiles Tracker'!E:E,#REF!,'Profiles Tracker'!G:G,P$1) -> 0 | Q87: =COUNTIFS('Profiles Tracker'!E:E,#REF!,'Profiles Tracker'!G:G,Q$1) -> 0 | R87: =COUNTIFS('Profiles Tracker'!E:E,#REF!,'Profiles Tracker'!G:G,R$1) -> 0 | S87: =COUNTIFS('Profiles Tracker'!E:E,#REF!,'Profiles Tracker'!G:G,"Interview Done",'Profiles Tracker'!O:O,"Rejected") -> 0 | T87: =COUNTIFS('Profiles Tracker'!E:E,#REF!,'Profiles Tracker'!G:G,T$1) -> 0 | U87: =N87+P87+Q87+R87+S87+T87 -> 0 | V87: =IF((G87-R87-Q87)<1,0,G87-R87-Q87) -> 0 | W87: =FLOOR(G87,1) -> 0 | X87: =FLOOR(W87,1) -> 0 | Y87: =X87*3 -> 0 | Z87: =IF(W87-SUM(Q87:R87)<1,0,W87-SUM(Q87:R87)) -> 0 | AA87: =IF(X87-SUM(P87:R87)<1,0,X87-SUM(P87:R87)) -> 0 | AB87: =IF(AA87*3-N87<1,0,AA87*3-N87) -> 0 | AC87: =IF(M87="APM Below",H87-45,IF(M87="APM & Above", H87-60,H87-90)) -> 45732 | AD87: =IFERROR(AC87-5,"NA") -> 45727 | AE87: =IFERROR(AD87-7,"NA") -> 45720 | AF87: =CEILING((AC87-TODAY())/7,1) -> -54 | AG87: =CEILING((AD87-TODAY())/7,1) -> -55 | AH87: =CEILING((AE87-TODAY())/7,1) -> -56 | AI87: =COUNTIFS('Profiles Tracker'!E:E,#REF!,'Profiles Tracker'!G:G,Q$1,'Profiles Tracker'!#REF!,"Week 14") -> #REF! | AJ87: =COUNTIFS('Profiles Tracker'!E:E,#REF!,'Profiles Tracker'!G:G,Q$1,'Profiles Tracker'!#REF!,"Week 15") -> #REF! | AK87: =COUNTIFS('Profiles Tracker'!E:E,#REF!,'Profiles Tracker'!G:G,Q$1,'Profiles Tracker'!#REF!,"Week 16") -> #REF! | AL87: =COUNTIFS('Profiles Tracker'!E:E,#REF!,'Profiles Tracker'!G:G,Q$1,'Profiles Tracker'!#REF!,"Week 17") -> #REF! | AM87: =COUNTIFS('Profiles Tracker'!E:E,#REF!,'Profiles Tracker'!G:G,Q$1,'Profiles Tracker'!#REF!,"Week 18") -> #REF!
A88: =ROW()-1 -> 87 | B88: ADCL | C88: Structures | E88: 45668 | F88: Jr.Engineer ( structures) | H88: 45777 | I88: Mr. Radha Krishna (Consultant) | J88: Mr. Venu | K88: ANY-94 | M88: APM Below | N88: =COUNTIFS('Profiles Tracker'!E:E,#REF!,'Profiles Tracker'!G:G,"Profile shared with Interviewer") -> 0 | O88: =COUNTIFS('Profiles Tracker'!E:E,#REF!,'Profiles Tracker'!G:G,"Shortlisted for next round of interview") -> 0 | P88: =COUNTIFS('Profiles Tracker'!E:E,#REF!,'Profiles Tracker'!G:G,P$1) -> 0 | Q88: =COUNTIFS('Profiles Tracker'!E:E,#REF!,'Profiles Tracker'!G:G,Q$1) -> 0 | R88: =COUNTIFS('Profiles Tracker'!E:E,#REF!,'Profiles Tracker'!G:G,R$1) -> 0 | S88: =COUNTIFS('Profiles Tracker'!E:E,#REF!,'Profiles Tracker'!G:G,"Interview Done",'Profiles Tracker'!O:O,"Rejected") -> 0 | T88: =COUNTIFS('Profiles Tracker'!E:E,#REF!,'Profiles Tracker'!G:G,T$1) -> 0 | U88: =N88+P88+Q88+R88+S88+T88 -> 0 | V88: =IF((G88-R88-Q88)<1,0,G88-R88-Q88) -> 0 | W88: =FLOOR(G88,1) -> 0 | X88: =FLOOR(W88,1) -> 0 | Y88: =X88*3 -> 0 | Z88: =IF(W88-SUM(Q88:R88)<1,0,W88-SUM(Q88:R88)) -> 0 | AA88: =IF(X88-SUM(P88:R88)<1,0,X88-SUM(P88:R88)) -> 0 | AB88: =IF(AA88*3-N88<1,0,AA88*3-N88) -> 0 | AC88: =IF(M88="APM Below",H88-45,IF(M88="APM & Above", H88-60,H88-90)) -> 45732 | AD88: =IFERROR(AC88-5,"NA") -> 45727 | AE88: =IFERROR(AD88-7,"NA") -> 45720 | AF88: =CEILING((AC88-TODAY())/7,1) -> -54 | AG88: =CEILING((AD88-TODAY())/7,1) -> -55 | AH88: =CEILING((AE88-TODAY())/7,1) -> -56 | AI88: =COUNTIFS('Profiles Tracker'!E:E,#REF!,'Profiles Tracker'!G:G,Q$1,'Profiles Tracker'!#REF!,"Week 14") -> #REF! | AJ88: =COUNTIFS('Profiles Tracker'!E:E,#REF!,'Profiles Tracker'!G:G,Q$1,'Profiles Tracker'!#REF!,"Week 15") -> #REF! | AK88: =COUNTIFS('Profiles Tracker'!E:E,#REF!,'Profiles Tracker'!G:G,Q$1,'Profiles Tracker'!#REF!,"Week 16") -> #REF! | AL88: =COUNTIFS('Profiles Tracker'!E:E,#REF!,'Profiles Tracker'!G:G,Q$1,'Profiles Tracker'!#REF!,"Week 17") -> #REF! | AM88: =COUNTIFS('Profiles Tracker'!E:E,#REF!,'Profiles Tracker'!G:G,Q$1,'Profiles Tracker'!#REF!,"Week 18") -> #REF!
A89: =ROW()-1 -> 88 | B89: ADCL | E89: 45668 | F89: Supervisors | G89: 4 | H89: 45777 | I89: Mr. Varaprasad (Consultant) | J89: Mr. Ravindra Varma | K89: ANY-95 | M89: APM Below | N89: =COUNTIFS('Profiles Tracker'!E:E,#REF!,'Profiles Tracker'!G:G,"Profile shared with Interviewer") -> 0 | O89: =COUNTIFS('Profiles Tracker'!E:E,#REF!,'Profiles Tracker'!G:G,"Shortlisted for next round of interview") -> 0 | P89: =COUNTIFS('Profiles Tracker'!E:E,#REF!,'Profiles Tracker'!G:G,P$1) -> 0 | Q89: =COUNTIFS('Profiles Tracker'!E:E,#REF!,'Profiles Tracker'!G:G,Q$1) -> 0 | R89: =COUNTIFS('Profiles Tracker'!E:E,#REF!,'Profiles Tracker'!G:G,R$1) -> 0 | S89: =COUNTIFS('Profiles Tracker'!E:E,#REF!,'Profiles Tracker'!G:G,"Interview Done",'Profiles Tracker'!O:O,"Rejected") -> 0 | T89: =COUNTIFS('Profiles Tracker'!E:E,#REF!,'Profiles Tracker'!G:G,T$1) -> 0 | U89: =N89+P89+Q89+R89+S89+T89 -> 0 | V89: =IF((G89-R89-Q89)<1,0,G89-R89-Q89) -> 4 | W89: =FLOOR(G89,1) -> 4 | X89: =FLOOR(W89,1) -> 4 | Y89: =X89*3 -> 12 | Z89: =IF(W89-SUM(Q89:R89)<1,0,W89-SUM(Q89:R89)) -> 4 | AA89: =IF(X89-SUM(P89:R89)<1,0,X89-SUM(P89:R89)) -> 4 | AB89: =IF(AA89*3-N89<1,0,AA89*3-N89) -> 12 | AC89: =IF(M89="APM Below",H89-45,IF(M89="APM & Above", H89-60,H89-90)) -> 45732 | AD89: =IFERROR(AC89-5,"NA") -> 45727 | AE89: =IFERROR(AD89-7,"NA") -> 45720 | AF89: =CEILING((AC89-TODAY())/7,1) -> -54 | AG89: =CEILING((AD89-TODAY())/7,1) -> -55 | AH89: =CEILING((AE89-TODAY())/7,1) -> -56 | AI89: =COUNTIFS('Profiles Tracker'!E:E,#REF!,'Profiles Tracker'!G:G,Q$1,'Profiles Tracker'!#REF!,"Week 14") -> #REF! | AJ89: =COUNTIFS('Profiles Tracker'!E:E,#REF!,'Profiles Tracker'!G:G,Q$1,'Profiles Tracker'!#REF!,"Week 15") -> #REF! | AK89: =COUNTIFS('Profiles Tracker'!E:E,#REF!,'Profiles Tracker'!G:G,Q$1,'Profiles Tracker'!#REF!,"Week 16") -> #REF! | AL89: =COUNTIFS('Profiles Tracker'!E:E,#REF!,'Profiles Tracker'!G:G,Q$1,'Profiles Tracker'!#REF!,"Week 17") -> #REF! | AM89: =COUNTIFS('Profiles Tracker'!E:E,#REF!,'Profiles Tracker'!G:G,Q$1,'Profiles Tracker'!#REF!,"Week 18") -> #REF!
A90: =ROW()-1 -> 89 | B90: ADCL | C90: Structures | E90: 45668 | F90: Sr.Engineer (Structures ) | G90: 0 | H90: 45900 | I90: Mr. Radha Krishna (Consultant) | J90: Mr. Ravindra Varma | K90: ANY-96 | M90: APM Below | N90: =COUNTIFS('Profiles Tracker'!E:E,#REF!,'Profiles Tracker'!G:G,"Profile shared with Interviewer") -> 0 | O90: =COUNTIFS('Profiles Tracker'!E:E,#REF!,'Profiles Tracker'!G:G,"Shortlisted for next round of interview") -> 0 | P90: =COUNTIFS('Profiles Tracker'!E:E,#REF!,'Profiles Tracker'!G:G,P$1) -> 0 | Q90: =COUNTIFS('Profiles Tracker'!E:E,#REF!,'Profiles Tracker'!G:G,Q$1) -> 0 | R90: =COUNTIFS('Profiles Tracker'!E:E,#REF!,'Profiles Tracker'!G:G,R$1) -> 0 | S90: =COUNTIFS('Profiles Tracker'!E:E,#REF!,'Profiles Tracker'!G:G,"Interview Done",'Profiles Tracker'!O:O,"Rejected") -> 0 | T90: =COUNTIFS('Profiles Tracker'!E:E,#REF!,'Profiles Tracker'!G:G,T$1) -> 0 | U90: =N90+P90+Q90+R90+S90+T90 -> 0 | V90: =IF((G90-R90-Q90)<1,0,G90-R90-Q90) -> 0 | W90: =FLOOR(G90,1) -> 0 | X90: =FLOOR(W90,1) -> 0 | Y90: =X90*3 -> 0 | Z90: =IF(W90-SUM(Q90:R90)<1,0,W90-SUM(Q90:R90)) -> 0 | AA90: =IF(X90-SUM(P90:R90)<1,0,X90-SUM(P90:R90)) -> 0 | AB90: =IF(AA90*3-N90<1,0,AA90*3-N90) -> 0 | AC90: =IF(M90="APM Below",H90-45,IF(M90="APM & Above", H90-60,H90-90)) -> 45855 | AD90: =IFERROR(AC90-5,"NA") -> 45850 | AE90: =IFERROR(AD90-7,"NA") -> 45843 | AF90: =CEILING((AC90-TODAY())/7,1) -> -37 | AG90: =CEILING((AD90-TODAY())/7,1) -> -37 | AH90: =CEILING((AE90-TODAY())/7,1) -> -38 | AI90: =COUNTIFS('Profiles Tracker'!E:E,#REF!,'Profiles Tracker'!G:G,Q$1,'Profiles Tracker'!#REF!,"Week 14") -> #REF! | AJ90: =COUNTIFS('Profiles Tracker'!E:E,#REF!,'Profiles Tracker'!G:G,Q$1,'Profiles Tracker'!#REF!,"Week 15") -> #REF! | AK90: =COUNTIFS('Profiles Tracker'!E:E,#REF!,'Profiles Tracker'!G:G,Q$1,'Profiles Tracker'!#REF!,"Week 16") -> #REF! | AL90: =COUNTIFS('Profiles Tracker'!E:E,#REF!,'Profiles Tracker'!G:G,Q$1,'Profiles Tracker'!#REF!,"Week 17") -> #REF! | AM90: =COUNTIFS('Profiles Tracker'!E:E,#REF!,'Profiles Tracker'!G:G,Q$1,'Profiles Tracker'!#REF!,"Week 18") -> #REF!
A91: =ROW()-1 -> 90 | B91: ADCL | C91: Roads | E91: 45668 | F91: Sr.Engineer ( Roads & Miscellaneous ) | G91: 0 | H91: 45900 | I91: Mr. Varaprasad (Consultant) | J91: Mr. Ravindra Varma | K91: ANY-97 | M91: APM Below | N91: =COUNTIFS('Profiles Tracker'!E:E,#REF!,'Profiles Tracker'!G:G,"Profile shared with Interviewer") -> 0 | O91: =COUNTIFS('Profiles Tracker'!E:E,#REF!,'Profiles Tracker'!G:G,"Shortlisted for next round of interview") -> 0 | P91: =COUNTIFS('Profiles Tracker'!E:E,#REF!,'Profiles Tracker'!G:G,P$1) -> 0 | Q91: =COUNTIFS('Profiles Tracker'!E:E,#REF!,'Profiles Tracker'!G:G,Q$1) -> 0 | R91: =COUNTIFS('Profiles Tracker'!E:E,#REF!,'Profiles Tracker'!G:G,R$1) -> 0 | S91: =COUNTIFS('Profiles Tracker'!E:E,#REF!,'Profiles Tracker'!G:G,"Interview Done",'Profiles Tracker'!O:O,"Rejected") -> 0 | T91: =COUNTIFS('Profiles Tracker'!E:E,#REF!,'Profiles Tracker'!G:G,T$1) -> 0 | U91: =N91+P91+Q91+R91+S91+T91 -> 0 | V91: =IF((G91-R91-Q91)<1,0,G91-R91-Q91) -> 0 | W91: =FLOOR(G91,1) -> 0 | X91: =FLOOR(W91,1) -> 0 | Y91: =X91*3 -> 0 | Z91: =IF(W91-SUM(Q91:R91)<1,0,W91-SUM(Q91:R91)) -> 0 | AA91: =IF(X91-SUM(P91:R91)<1,0,X91-SUM(P91:R91)) -> 0 | AB91: =IF(AA91*3-N91<1,0,AA91*3-N91) -> 0 | AC91: =IF(M91="APM Below",H91-45,IF(M91="APM & Above", H91-60,H91-90)) -> 45855 | AD91: =IFERROR(AC91-5,"NA") -> 45850 | AE91: =IFERROR(AD91-7,"NA") -> 45843 | AF91: =CEILING((AC91-TODAY())/7,1) -> -37 | AG91: =CEILING((AD91-TODAY())/7,1) -> -37 | AH91: =CEILING((AE91-TODAY())/7,1) -> -38 | AI91: =COUNTIFS('Profiles Tracker'!E:E,#REF!,'Profiles Tracker'!G:G,Q$1,'Profiles Tracker'!#REF!,"Week 14") -> #REF! | AJ91: =COUNTIFS('Profiles Tracker'!E:E,#REF!,'Profiles Tracker'!G:G,Q$1,'Profiles Tracker'!#REF!,"Week 15") -> #REF! | AK91: =COUNTIFS('Profiles Tracker'!E:E,#REF!,'Profiles Tracker'!G:G,Q$1,'Profiles Tracker'!#REF!,"Week 16") -> #REF! | AL91: =COUNTIFS('Profiles Tracker'!E:E,#REF!,'Profiles Tracker'!G:G,Q$1,'Profiles Tracker'!#REF!,"Week 17") -> #REF! | AM91: =COUNTIFS('Profiles Tracker'!E:E,#REF!,'Profiles Tracker'!G:G,Q$1,'Profiles Tracker'!#REF!,"Week 18") -> #REF!
A92: =ROW()-1 -> 91 | B92: ADCL | C92: Structures | E92: 45668 | F92: Engineers ( Structures ) | H92: 45900 | I92: Mr. Radha Krishna (Consultant) | J92: Mr. Ravindra Varma | K92: ANY-98 | M92: APM Below | N92: =COUNTIFS('Profiles Tracker'!E:E,#REF!,'Profiles Tracker'!G:G,"Profile shared with Interviewer") -> 0 | O92: =COUNTIFS('Profiles Tracker'!E:E,#REF!,'Profiles Tracker'!G:G,"Shortlisted for next round of interview") -> 0 | P92: =COUNTIFS('Profiles Tracker'!E:E,#REF!,'Profiles Tracker'!G:G,P$1) -> 0 | Q92: =COUNTIFS('Profiles Tracker'!E:E,#REF!,'Profiles Tracker'!G:G,Q$1) -> 0 | R92: =COUNTIFS('Profiles Tracker'!E:E,#REF!,'Profiles Tracker'!G:G,R$1) -> 0 | S92: =COUNTIFS('Profiles Tracker'!E:E,#REF!,'Profiles Tracker'!G:G,"Interview Done",'Profiles Tracker'!O:O,"Rejected") -> 0 | T92: =COUNTIFS('Profiles Tracker'!E:E,#REF!,'Profiles Tracker'!G:G,T$1) -> 0 | U92: =N92+P92+Q92+R92+S92+T92 -> 0 | V92: =IF((G92-R92-Q92)<1,0,G92-R92-Q92) -> 0 | W92: =FLOOR(G92,1) -> 0 | X92: =FLOOR(W92,1) -> 0 | Y92: =X92*3 -> 0 | Z92: =IF(W92-SUM(Q92:R92)<1,0,W92-SUM(Q92:R92)) -> 0 | AA92: =IF(X92-SUM(P92:R92)<1,0,X92-SUM(P92:R92)) -> 0 | AB92: =IF(AA92*3-N92<1,0,AA92*3-N92) -> 0 | AC92: =IF(M92="APM Below",H92-45,IF(M92="APM & Above", H92-60,H92-90)) -> 45855 | AD92: =IFERROR(AC92-5,"NA") -> 45850 | AE92: =IFERROR(AD92-7,"NA") -> 45843 | AF92: =CEILING((AC92-TODAY())/7,1) -> -37 | AG92: =CEILING((AD92-TODAY())/7,1) -> -37 | AH92: =CEILING((AE92-TODAY())/7,1) -> -38 | AI92: =COUNTIFS('Profiles Tracker'!E:E,#REF!,'Profiles Tracker'!G:G,Q$1,'Profiles Tracker'!#REF!,"Week 14") -> #REF! | AJ92: =COUNTIFS('Profiles Tracker'!E:E,#REF!,'Profiles Tracker'!G:G,Q$1,'Profiles Tracker'!#REF!,"Week 15") -> #REF! | AK92: =COUNTIFS('Profiles Tracker'!E:E,#REF!,'Profiles Tracker'!G:G,Q$1,'Profiles Tracker'!#REF!,"Week 16") -> #REF! | AL92: =COUNTIFS('Profiles Tracker'!E:E,#REF!,'Profiles Tracker'!G:G,Q$1,'Profiles Tracker'!#REF!,"Week 17") -> #REF! | AM92: =COUNTIFS('Profiles Tracker'!E:E,#REF!,'Profiles Tracker'!G:G,Q$1,'Profiles Tracker'!#REF!,"Week 18") -> #REF!
A93: =ROW()-1 -> 92 | B93: ADCL | C93: Roads | E93: 45668 | F93: Engineers ( Roads ) | H93: 45900 | I93: Mr. Varaprasad (Consultant) | J93: Mr. Ravindra Varma | K93: ANY-99 | M93: APM Below | N93: =COUNTIFS('Profiles Tracker'!E:E,#REF!,'Profiles Tracker'!G:G,"Profile shared with Interviewer") -> 0 | O93: =COUNTIFS('Profiles Tracker'!E:E,#REF!,'Profiles Tracker'!G:G,"Shortlisted for next round of interview") -> 0 | P93: =COUNTIFS('Profiles Tracker'!E:E,#REF!,'Profiles Tracker'!G:G,P$1) -> 0 | Q93: =COUNTIFS('Profiles Tracker'!E:E,#REF!,'Profiles Tracker'!G:G,Q$1) -> 0 | R93: =COUNTIFS('Profiles Tracker'!E:E,#REF!,'Profiles Tracker'!G:G,R$1) -> 0 | S93: =COUNTIFS('Profiles Tracker'!E:E,#REF!,'Profiles Tracker'!G:G,"Interview Done",'Profiles Tracker'!O:O,"Rejected") -> 0 | T93: =COUNTIFS('Profiles Tracker'!E:E,#REF!,'Profiles Tracker'!G:G,T$1) -> 0 | U93: =N93+P93+Q93+R93+S93+T93 -> 0 | V93: =IF((G93-R93-Q93)<1,0,G93-R93-Q93) -> 0 | W93: =FLOOR(G93,1) -> 0 | X93: =FLOOR(W93,1) -> 0 | Y93: =X93*3 -> 0 | Z93: =IF(W93-SUM(Q93:R93)<1,0,W93-SUM(Q93:R93)) -> 0 | AA93: =IF(X93-SUM(P93:R93)<1,0,X93-SUM(P93:R93)) -> 0 | AB93: =IF(AA93*3-N93<1,0,AA93*3-N93) -> 0 | AC93: =IF(M93="APM Below",H93-45,IF(M93="APM & Above", H93-60,H93-90)) -> 45855 | AD93: =IFERROR(AC93-5,"NA") -> 45850 | AE93: =IFERROR(AD93-7,"NA") -> 45843 | AF93: =CEILING((AC93-TODAY())/7,1) -> -37 | AG93: =CEILING((AD93-TODAY())/7,1) -> -37 | AH93: =CEILING((AE93-TODAY())/7,1) -> -38 | AI93: =COUNTIFS('Profiles Tracker'!E:E,#REF!,'Profiles Tracker'!G:G,Q$1,'Profiles Tracker'!#REF!,"Week 14") -> #REF! | AJ93: =COUNTIFS('Profiles Tracker'!E:E,#REF!,'Profiles Tracker'!G:G,Q$1,'Profiles Tracker'!#REF!,"Week 15") -> #REF! | AK93: =COUNTIFS('Profiles Tracker'!E:E,#REF!,'Profiles Tracker'!G:G,Q$1,'Profiles Tracker'!#REF!,"Week 16") -> #REF! | AL93: =COUNTIFS('Profiles Tracker'!E:E,#REF!,'Profiles Tracker'!G:G,Q$1,'Profiles Tracker'!#REF!,"Week 17") -> #REF! | AM93: =COUNTIFS('Profiles Tracker'!E:E,#REF!,'Profiles Tracker'!G:G,Q$1,'Profiles Tracker'!#REF!,"Week 18") -> #REF!
A94: =ROW()-1 -> 93 | B94: ADCL | C94: Structures | E94: 45668 | F94: Jr.Engineer ( structures) | H94: 45900 | I94: Mr. Radha Krishna (Consultant) | J94: Mr. Ravindra Varma | K94: ANY-100 | M94: APM Below | N94: =COUNTIFS('Profiles Tracker'!E:E,#REF!,'Profiles Tracker'!G:G,"Profile shared with Interviewer") -> 0 | O94: =COUNTIFS('Profiles Tracker'!E:E,#REF!,'Profiles Tracker'!G:G,"Shortlisted for next round of interview") -> 0 | P94: =COUNTIFS('Profiles Tracker'!E:E,#REF!,'Profiles Tracker'!G:G,P$1) -> 0 | Q94: =COUNTIFS('Profiles Tracker'!E:E,#REF!,'Profiles Tracker'!G:G,Q$1) -> 0 | R94: =COUNTIFS('Profiles Tracker'!E:E,#REF!,'Profiles Tracker'!G:G,R$1) -> 0 | S94: =COUNTIFS('Profiles Tracker'!E:E,#REF!,'Profiles Tracker'!G:G,"Interview Done",'Profiles Tracker'!O:O,"Rejected") -> 0 | T94: =COUNTIFS('Profiles Tracker'!E:E,#REF!,'Profiles Tracker'!G:G,T$1) -> 0 | U94: =N94+P94+Q94+R94+S94+T94 -> 0 | V94: =IF((G94-R94-Q94)<1,0,G94-R94-Q94) -> 0 | W94: =FLOOR(G94,1) -> 0 | X94: =FLOOR(W94,1) -> 0 | Y94: =X94*3 -> 0 | Z94: =IF(W94-SUM(Q94:R94)<1,0,W94-SUM(Q94:R94)) -> 0 | AA94: =IF(X94-SUM(P94:R94)<1,0,X94-SUM(P94:R94)) -> 0 | AB94: =IF(AA94*3-N94<1,0,AA94*3-N94) -> 0 | AC94: =IF(M94="APM Below",H94-45,IF(M94="APM & Above", H94-60,H94-90)) -> 45855 | AD94: =IFERROR(AC94-5,"NA") -> 45850 | AE94: =IFERROR(AD94-7,"NA") -> 45843 | AF94: =CEILING((AC94-TODAY())/7,1) -> -37 | AG94: =CEILING((AD94-TODAY())/7,1) -> -37 | AH94: =CEILING((AE94-TODAY())/7,1) -> -38 | AI94: =COUNTIFS('Profiles Tracker'!E:E,#REF!,'Profiles Tracker'!G:G,Q$1,'Profiles Tracker'!#REF!,"Week 14") -> #REF! | AJ94: =COUNTIFS('Profiles Tracker'!E:E,#REF!,'Profiles Tracker'!G:G,Q$1,'Profiles Tracker'!#REF!,"Week 15") -> #REF! | AK94: =COUNTIFS('Profiles Tracker'!E:E,#REF!,'Profiles Tracker'!G:G,Q$1,'Profiles Tracker'!#REF!,"Week 16") -> #REF! | AL94: =COUNTIFS('Profiles Tracker'!E:E,#REF!,'Profiles Tracker'!G:G,Q$1,'Profiles Tracker'!#REF!,"Week 17") -> #REF! | AM94: =COUNTIFS('Profiles Tracker'!E:E,#REF!,'Profiles Tracker'!G:G,Q$1,'Profiles Tracker'!#REF!,"Week 18") -> #REF!
A95: =ROW()-1 -> 94 | B95: ADCL | C95: Roads | E95: 45668 | F95: Jr. Engineer ( Roads ) | H95: 45900 | I95: Mr. Varaprasad (Consultant) | J95: Mr. Ravindra Varma | K95: ANY-101 | M95: APM Below | N95: =COUNTIFS('Profiles Tracker'!E:E,#REF!,'Profiles Tracker'!G:G,"Profile shared with Interviewer") -> 0 | O95: =COUNTIFS('Profiles Tracker'!E:E,#REF!,'Profiles Tracker'!G:G,"Shortlisted for next round of interview") -> 0 | P95: =COUNTIFS('Profiles Tracker'!E:E,#REF!,'Profiles Tracker'!G:G,P$1) -> 0 | Q95: =COUNTIFS('Profiles Tracker'!E:E,#REF!,'Profiles Tracker'!G:G,Q$1) -> 0 | R95: =COUNTIFS('Profiles Tracker'!E:E,#REF!,'Profiles Tracker'!G:G,R$1) -> 0 | S95: =COUNTIFS('Profiles Tracker'!E:E,#REF!,'Profiles Tracker'!G:G,"Interview Done",'Profiles Tracker'!O:O,"Rejected") -> 0 | T95: =COUNTIFS('Profiles Tracker'!E:E,#REF!,'Profiles Tracker'!G:G,T$1) -> 0 | U95: =N95+P95+Q95+R95+S95+T95 -> 0 | V95: =IF((G95-R95-Q95)<1,0,G95-R95-Q95) -> 0 | W95: =FLOOR(G95,1) -> 0 | X95: =FLOOR(W95,1) -> 0 | Y95: =X95*3 -> 0 | Z95: =IF(W95-SUM(Q95:R95)<1,0,W95-SUM(Q95:R95)) -> 0 | AA95: =IF(X95-SUM(P95:R95)<1,0,X95-SUM(P95:R95)) -> 0 | AB95: =IF(AA95*3-N95<1,0,AA95*3-N95) -> 0 | AC95: =IF(M95="APM Below",H95-45,IF(M95="APM & Above", H95-60,H95-90)) -> 45855 | AD95: =IFERROR(AC95-5,"NA") -> 45850 | AE95: =IFERROR(AD95-7,"NA") -> 45843 | AF95: =CEILING((AC95-TODAY())/7,1) -> -37 | AG95: =CEILING((AD95-TODAY())/7,1) -> -37 | AH95: =CEILING((AE95-TODAY())/7,1) -> -38 | AI95: =COUNTIFS('Profiles Tracker'!E:E,#REF!,'Profiles Tracker'!G:G,Q$1,'Profiles Tracker'!#REF!,"Week 14") -> #REF! | AJ95: =COUNTIFS('Profiles Tracker'!E:E,#REF!,'Profiles Tracker'!G:G,Q$1,'Profiles Tracker'!#REF!,"Week 15") -> #REF! | AK95: =COUNTIFS('Profiles Tracker'!E:E,#REF!,'Profiles Tracker'!G:G,Q$1,'Profiles Tracker'!#REF!,"Week 16") -> #REF! | AL95: =COUNTIFS('Profiles Tracker'!E:E,#REF!,'Profiles Tracker'!G:G,Q$1,'Profiles Tracker'!#REF!,"Week 17") -> #REF! | AM95: =COUNTIFS('Profiles Tracker'!E:E,#REF!,'Profiles Tracker'!G:G,Q$1,'Profiles Tracker'!#REF!,"Week 18") -> #REF!
A96: =ROW()-1 -> 95 | B96: ADCL | E96: 45668 | F96: Surveyors | H96: 45900 | I96: Mr. Swaroop (Consultant) | J96: Mr. Ravindra Varma | K96: ANY-102 | M96: APM Below | N96: =COUNTIFS('Profiles Tracker'!E:E,#REF!,'Profiles Tracker'!G:G,"Profile shared with Interviewer") -> 0 | O96: =COUNTIFS('Profiles Tracker'!E:E,#REF!,'Profiles Tracker'!G:G,"Shortlisted for next round of interview") -> 0 | P96: =COUNTIFS('Profiles Tracker'!E:E,#REF!,'Profiles Tracker'!G:G,P$1) -> 0 | Q96: =COUNTIFS('Profiles Tracker'!E:E,#REF!,'Profiles Tracker'!G:G,Q$1) -> 0 | R96: =COUNTIFS('Profiles Tracker'!E:E,#REF!,'Profiles Tracker'!G:G,R$1) -> 0 | S96: =COUNTIFS('Profiles Tracker'!E:E,#REF!,'Profiles Tracker'!G:G,"Interview Done",'Profiles Tracker'!O:O,"Rejected") -> 0 | T96: =COUNTIFS('Profiles Tracker'!E:E,#REF!,'Profiles Tracker'!G:G,T$1) -> 0 | U96: =N96+P96+Q96+R96+S96+T96 -> 0 | V96: =IF((G96-R96-Q96)<1,0,G96-R96-Q96) -> 0 | W96: =FLOOR(G96,1) -> 0 | X96: =FLOOR(W96,1) -> 0 | Y96: =X96*3 -> 0 | Z96: =IF(W96-SUM(Q96:R96)<1,0,W96-SUM(Q96:R96)) -> 0 | AA96: =IF(X96-SUM(P96:R96)<1,0,X96-SUM(P96:R96)) -> 0 | AB96: =IF(AA96*3-N96<1,0,AA96*3-N96) -> 0 | AC96: =IF(M96="APM Below",H96-45,IF(M96="APM & Above", H96-60,H96-90)) -> 45855 | AD96: =IFERROR(AC96-5,"NA") -> 45850 | AE96: =IFERROR(AD96-7,"NA") -> 45843 | AF96: =CEILING((AC96-TODAY())/7,1) -> -37 | AG96: =CEILING((AD96-TODAY())/7,1) -> -37 | AH96: =CEILING((AE96-TODAY())/7,1) -> -38 | AI96: =COUNTIFS('Profiles Tracker'!E:E,#REF!,'Profiles Tracker'!G:G,Q$1,'Profiles Tracker'!#REF!,"Week 14") -> #REF! | AJ96: =COUNTIFS('Profiles Tracker'!E:E,#REF!,'Profiles Tracker'!G:G,Q$1,'Profiles Tracker'!#REF!,"Week 15") -> #REF! | AK96: =COUNTIFS('Profiles Tracker'!E:E,#REF!,'Profiles Tracker'!G:G,Q$1,'Profiles Tracker'!#REF!,"Week 16") -> #REF! | AL96: =COUNTIFS('Profiles Tracker'!E:E,#REF!,'Profiles Tracker'!G:G,Q$1,'Profiles Tracker'!#REF!,"Week 17") -> #REF! | AM96: =COUNTIFS('Profiles Tracker'!E:E,#REF!,'Profiles Tracker'!G:G,Q$1,'Profiles Tracker'!#REF!,"Week 18") -> #REF!
A97: =ROW()-1 -> 96 | B97: ADCL | E97: 45668 | F97: Supervisors | G97: 20 | H97: 45900 | I97: Mr. Varaprasad (Consultant) | J97: Mr. Ravindra Varma | K97: ANY-104 | M97: APM Below | N97: =COUNTIFS('Profiles Tracker'!E:E,#REF!,'Profiles Tracker'!G:G,"Profile shared with Interviewer") -> 0 | O97: =COUNTIFS('Profiles Tracker'!E:E,#REF!,'Profiles Tracker'!G:G,"Shortlisted for next round of interview") -> 0 | P97: =COUNTIFS('Profiles Tracker'!E:E,#REF!,'Profiles Tracker'!G:G,P$1) -> 0 | Q97: =COUNTIFS('Profiles Tracker'!E:E,#REF!,'Profiles Tracker'!G:G,Q$1) -> 0 | R97: =COUNTIFS('Profiles Tracker'!E:E,#REF!,'Profiles Tracker'!G:G,R$1) -> 0 | S97: =COUNTIFS('Profiles Tracker'!E:E,#REF!,'Profiles Tracker'!G:G,"Interview Done",'Profiles Tracker'!O:O,"Rejected") -> 0 | T97: =COUNTIFS('Profiles Tracker'!E:E,#REF!,'Profiles Tracker'!G:G,T$1) -> 0 | U97: =N97+P97+Q97+R97+S97+T97 -> 0 | V97: =IF((G97-R97-Q97)<1,0,G97-R97-Q97) -> 20 | W97: =FLOOR(G97,1) -> 20 | X97: =FLOOR(W97,1) -> 20 | Y97: =X97*3 -> 60 | Z97: =IF(W97-SUM(Q97:R97)<1,0,W97-SUM(Q97:R97)) -> 20 | AA97: =IF(X97-SUM(P97:R97)<1,0,X97-SUM(P97:R97)) -> 20 | AB97: =IF(AA97*3-N97<1,0,AA97*3-N97) -> 60 | AC97: =IF(M97="APM Below",H97-45,IF(M97="APM & Above", H97-60,H97-90)) -> 45855 | AD97: =IFERROR(AC97-5,"NA") -> 45850 | AE97: =IFERROR(AD97-7,"NA") -> 45843 | AF97: =CEILING((AC97-TODAY())/7,1) -> -37 | AG97: =CEILING((AD97-TODAY())/7,1) -> -37 | AH97: =CEILING((AE97-TODAY())/7,1) -> -38 | AI97: =COUNTIFS('Profiles Tracker'!E:E,#REF!,'Profiles Tracker'!G:G,Q$1,'Profiles Tracker'!#REF!,"Week 14") -> #REF! | AJ97: =COUNTIFS('Profiles Tracker'!E:E,#REF!,'Profiles Tracker'!G:G,Q$1,'Profiles Tracker'!#REF!,"Week 15") -> #REF! | AK97: =COUNTIFS('Profiles Tracker'!E:E,#REF!,'Profiles Tracker'!G:G,Q$1,'Profiles Tracker'!#REF!,"Week 16") -> #REF! | AL97: =COUNTIFS('Profiles Tracker'!E:E,#REF!,'Profiles Tracker'!G:G,Q$1,'Profiles Tracker'!#REF!,"Week 17") -> #REF! | AM97: =COUNTIFS('Profiles Tracker'!E:E,#REF!,'Profiles Tracker'!G:G,Q$1,'Profiles Tracker'!#REF!,"Week 18") -> #REF!
A98: =ROW()-1 -> 97 | B98: ADCL | C98: QC | E98: 45668 | F98: Manager/Asst Manager ( QC ) | H98: 45900 | I98: Mr. Venkata Reddy/ Mr. Nagaraju Matham (Consultants) | J98: Mr. Ravindra Varma | K98: ANY-105 | M98: APM & Above | N98: =COUNTIFS('Profiles Tracker'!E:E,#REF!,'Profiles Tracker'!G:G,"Profile shared with Interviewer") -> 0 | O98: =COUNTIFS('Profiles Tracker'!E:E,#REF!,'Profiles Tracker'!G:G,"Shortlisted for next round of interview") -> 0 | P98: =COUNTIFS('Profiles Tracker'!E:E,#REF!,'Profiles Tracker'!G:G,P$1) -> 0 | Q98: =COUNTIFS('Profiles Tracker'!E:E,#REF!,'Profiles Tracker'!G:G,Q$1) -> 0 | R98: =COUNTIFS('Profiles Tracker'!E:E,#REF!,'Profiles Tracker'!G:G,R$1) -> 0 | S98: =COUNTIFS('Profiles Tracker'!E:E,#REF!,'Profiles Tracker'!G:G,"Interview Done",'Profiles Tracker'!O:O,"Rejected") -> 0 | T98: =COUNTIFS('Profiles Tracker'!E:E,#REF!,'Profiles Tracker'!G:G,T$1) -> 0 | U98: =N98+P98+Q98+R98+S98+T98 -> 0 | V98: =IF((G98-R98-Q98)<1,0,G98-R98-Q98) -> 0 | W98: =FLOOR(G98,1) -> 0 | X98: =FLOOR(W98,1) -> 0 | Y98: =X98*3 -> 0 | Z98: =IF(W98-SUM(Q98:R98)<1,0,W98-SUM(Q98:R98)) -> 0 | AA98: =IF(X98-SUM(P98:R98)<1,0,X98-SUM(P98:R98)) -> 0 | AB98: =IF(AA98*3-N98<1,0,AA98*3-N98) -> 0 | AC98: =IF(M98="APM Below",H98-45,IF(M98="APM & Above", H98-60,H98-90)) -> 45840 | AD98: =IFERROR(AC98-5,"NA") -> 45835 | AE98: =IFERROR(AD98-7,"NA") -> 45828 | AF98: =CEILING((AC98-TODAY())/7,1) -> -39 | AG98: =CEILING((AD98-TODAY())/7,1) -> -40 | AH98: =CEILING((AE98-TODAY())/7,1) -> -41 | AI98: =COUNTIFS('Profiles Tracker'!E:E,#REF!,'Profiles Tracker'!G:G,Q$1,'Profiles Tracker'!#REF!,"Week 14") -> #REF! | AJ98: =COUNTIFS('Profiles Tracker'!E:E,#REF!,'Profiles Tracker'!G:G,Q$1,'Profiles Tracker'!#REF!,"Week 15") -> #REF! | AK98: =COUNTIFS('Profiles Tracker'!E:E,#REF!,'Profiles Tracker'!G:G,Q$1,'Profiles Tracker'!#REF!,"Week 16") -> #REF! | AL98: =COUNTIFS('Profiles Tracker'!E:E,#REF!,'Profiles Tracker'!G:G,Q$1,'Profiles Tracker'!#REF!,"Week 17") -> #REF! | AM98: =COUNTIFS('Profiles Tracker'!E:E,#REF!,'Profiles Tracker'!G:G,Q$1,'Profiles Tracker'!#REF!,"Week 18") -> #REF!
A99: =ROW()-1 -> 98 | B99: ADCL | C99: QC | E99: 45668 | F99: Sr.Engineer (QC) | H99: 45900 | I99: Mr. Venkata Reddy/ Mr. Nagaraju Matham (Consultants) | J99: Mr. Ravindra Varma | K99: ANY-106 | M99: APM Below | N99: =COUNTIFS('Profiles Tracker'!E:E,#REF!,'Profiles Tracker'!G:G,"Profile shared with Interviewer") -> 0 | O99: =COUNTIFS('Profiles Tracker'!E:E,#REF!,'Profiles Tracker'!G:G,"Shortlisted for next round of interview") -> 0 | P99: =COUNTIFS('Profiles Tracker'!E:E,#REF!,'Profiles Tracker'!G:G,P$1) -> 0 | Q99: =COUNTIFS('Profiles Tracker'!E:E,#REF!,'Profiles Tracker'!G:G,Q$1) -> 0 | R99: =COUNTIFS('Profiles Tracker'!E:E,#REF!,'Profiles Tracker'!G:G,R$1) -> 0 | S99: =COUNTIFS('Profiles Tracker'!E:E,#REF!,'Profiles Tracker'!G:G,"Interview Done",'Profiles Tracker'!O:O,"Rejected") -> 0 | T99: =COUNTIFS('Profiles Tracker'!E:E,#REF!,'Profiles Tracker'!G:G,T$1) -> 0 | U99: =N99+P99+Q99+R99+S99+T99 -> 0 | V99: =IF((G99-R99-Q99)<1,0,G99-R99-Q99) -> 0 | W99: =FLOOR(G99,1) -> 0 | X99: =FLOOR(W99,1) -> 0 | Y99: =X99*3 -> 0 | Z99: =IF(W99-SUM(Q99:R99)<1,0,W99-SUM(Q99:R99)) -> 0 | AA99: =IF(X99-SUM(P99:R99)<1,0,X99-SUM(P99:R99)) -> 0 | AB99: =IF(AA99*3-N99<1,0,AA99*3-N99) -> 0 | AC99: =IF(M99="APM Below",H99-45,IF(M99="APM & Above", H99-60,H99-90)) -> 45855 | AD99: =IFERROR(AC99-5,"NA") -> 45850 | AE99: =IFERROR(AD99-7,"NA") -> 45843 | AF99: =CEILING((AC99-TODAY())/7,1) -> -37 | AG99: =CEILING((AD99-TODAY())/7,1) -> -37 | AH99: =CEILING((AE99-TODAY())/7,1) -> -38 | AI99: =COUNTIFS('Profiles Tracker'!E:E,#REF!,'Profiles Tracker'!G:G,Q$1,'Profiles Tracker'!#REF!,"Week 14") -> #REF! | AJ99: =COUNTIFS('Profiles Tracker'!E:E,#REF!,'Profiles Tracker'!G:G,Q$1,'Profiles Tracker'!#REF!,"Week 15") -> #REF! | AK99: =COUNTIFS('Profiles Tracker'!E:E,#REF!,'Profiles Tracker'!G:G,Q$1,'Profiles Tracker'!#REF!,"Week 16") -> #REF! | AL99: =COUNTIFS('Profiles Tracker'!E:E,#REF!,'Profiles Tracker'!G:G,Q$1,'Profiles Tracker'!#REF!,"Week 17") -> #REF! | AM99: =COUNTIFS('Profiles Tracker'!E:E,#REF!,'Profiles Tracker'!G:G,Q$1,'Profiles Tracker'!#REF!,"Week 18") -> #REF!
A100: =ROW()-1 -> 99 | B100: ADCL | C100: QC | E100: 45668 | F100: Asst Engineer - QC | H100: 45900 | I100: Mr. Venkata Reddy/ Mr. Nagaraju Matham (Consultants) | J100: Mr. Ravindra Varma | K100: ANY-107 | M100: APM Below | N100: =COUNTIFS('Profiles Tracker'!E:E,#REF!,'Profiles Tracker'!G:G,"Profile shared with Interviewer") -> 0 | O100: =COUNTIFS('Profiles Tracker'!E:E,#REF!,'Profiles Tracker'!G:G,"Shortlisted for next round of interview") -> 0 | P100: =COUNTIFS('Profiles Tracker'!E:E,#REF!,'Profiles Tracker'!G:G,P$1) -> 0 | Q100: =COUNTIFS('Profiles Tracker'!E:E,#REF!,'Profiles Tracker'!G:G,Q$1) -> 0 | R100: =COUNTIFS('Profiles Tracker'!E:E,#REF!,'Profiles Tracker'!G:G,R$1) -> 0 | S100: =COUNTIFS('Profiles Tracker'!E:E,#REF!,'Profiles Tracker'!G:G,"Interview Done",'Profiles Tracker'!O:O,"Rejected") -> 0 | T100: =COUNTIFS('Profiles Tracker'!E:E,#REF!,'Profiles Tracker'!G:G,T$1) -> 0 | U100: =N100+P100+Q100+R100+S100+T100 -> 0 | V100: =IF((G100-R100-Q100)<1,0,G100-R100-Q100) -> 0 | W100: =FLOOR(G100,1) -> 0 | X100: =FLOOR(W100,1) -> 0 | Y100: =X100*3 -> 0 | Z100: =IF(W100-SUM(Q100:R100)<1,0,W100-SUM(Q100:R100)) -> 0 | AA100: =IF(X100-SUM(P100:R100)<1,0,X100-SUM(P100:R100)) -> 0 | AB100: =IF(AA100*3-N100<1,0,AA100*3-N100) -> 0 | AC100: =IF(M100="APM Below",H100-45,IF(M100="APM & Above", H100-60,H100-90)) -> 45855 | AD100: =IFERROR(AC100-5,"NA") -> 45850 | AE100: =IFERROR(AD100-7,"NA") -> 45843 | AF100: =CEILING((AC100-TODAY())/7,1) -> -37 | AG100: =CEILING((AD100-TODAY())/7,1) -> -37 | AH100: =CEILING((AE100-TODAY())/7,1) -> -38 | AI100: =COUNTIFS('Profiles Tracker'!E:E,#REF!,'Profiles Tracker'!G:G,Q$1,'Profiles Tracker'!#REF!,"Week 14") -> #REF! | AJ100: =COUNTIFS('Profiles Tracker'!E:E,#REF!,'Profiles Tracker'!G:G,Q$1,'Profiles Tracker'!#REF!,"Week 15") -> #REF! | AK100: =COUNTIFS('Profiles Tracker'!E:E,#REF!,'Profiles Tracker'!G:G,Q$1,'Profiles Tracker'!#REF!,"Week 16") -> #REF! | AL100: =COUNTIFS('Profiles Tracker'!E:E,#REF!,'Profiles Tracker'!G:G,Q$1,'Profiles Tracker'!#REF!,"Week 17") -> #REF! | AM100: =COUNTIFS('Profiles Tracker'!E:E,#REF!,'Profiles Tracker'!G:G,Q$1,'Profiles Tracker'!#REF!,"Week 18") -> #REF!
A101: =ROW()-1 -> 100 | B101: ADCL | C101: QC | E101: 45668 | F101: Technicians | H101: 45900 | I101: Mr. Venkata Reddy/ Mr. Nagaraju Matham (Consultants) | J101: Mr. Ravindra Varma | K101: ANY-108 | M101: APM Below | N101: =COUNTIFS('Profiles Tracker'!E:E,#REF!,'Profiles Tracker'!G:G,"Profile shared with Interviewer") -> 0 | O101: =COUNTIFS('Profiles Tracker'!E:E,#REF!,'Profiles Tracker'!G:G,"Shortlisted for next round of interview") -> 0 | P101: =COUNTIFS('Profiles Tracker'!E:E,#REF!,'Profiles Tracker'!G:G,P$1) -> 0 | Q101: =COUNTIFS('Profiles Tracker'!E:E,#REF!,'Profiles Tracker'!G:G,Q$1) -> 0 | R101: =COUNTIFS('Profiles Tracker'!E:E,#REF!,'Profiles Tracker'!G:G,R$1) -> 0 | S101: =COUNTIFS('Profiles Tracker'!E:E,#REF!,'Profiles Tracker'!G:G,"Interview Done",'Profiles Tracker'!O:O,"Rejected") -> 0 | T101: =COUNTIFS('Profiles Tracker'!E:E,#REF!,'Profiles Tracker'!G:G,T$1) -> 0 | U101: =N101+P101+Q101+R101+S101+T101 -> 0 | V101: =IF((G101-R101-Q101)<1,0,G101-R101-Q101) -> 0 | W101: =FLOOR(G101,1) -> 0 | X101: =FLOOR(W101,1) -> 0 | Y101: =X101*3 -> 0 | Z101: =IF(W101-SUM(Q101:R101)<1,0,W101-SUM(Q101:R101)) -> 0 | AA101: =IF(X101-SUM(P101:R101)<1,0,X101-SUM(P101:R101)) -> 0 | AB101: =IF(AA101*3-N101<1,0,AA101*3-N101) -> 0 | AC101: =IF(M101="APM Below",H101-45,IF(M101="APM & Above", H101-60,H101-90)) -> 45855 | AD101: =IFERROR(AC101-5,"NA") -> 45850 | AE101: =IFERROR(AD101-7,"NA") -> 45843 | AF101: =CEILING((AC101-TODAY())/7,1) -> -37 | AG101: =CEILING((AD101-TODAY())/7,1) -> -37 | AH101: =CEILING((AE101-TODAY())/7,1) -> -38 | AI101: =COUNTIFS('Profiles Tracker'!E:E,#REF!,'Profiles Tracker'!G:G,Q$1,'Profiles Tracker'!#REF!,"Week 14") -> #REF! | AJ101: =COUNTIFS('Profiles Tracker'!E:E,#REF!,'Profiles Tracker'!G:G,Q$1,'Profiles Tracker'!#REF!,"Week 15") -> #REF! | AK101: =COUNTIFS('Profiles Tracker'!E:E,#REF!,'Profiles Tracker'!G:G,Q$1,'Profiles Tracker'!#REF!,"Week 16") -> #REF! | AL101: =COUNTIFS('Profiles Tracker'!E:E,#REF!,'Profiles Tracker'!G:G,Q$1,'Profiles Tracker'!#REF!,"Week 17") -> #REF! | AM101: =COUNTIFS('Profiles Tracker'!E:E,#REF!,'Profiles Tracker'!G:G,Q$1,'Profiles Tracker'!#REF!,"Week 18") -> #REF!
A102: =ROW()-1 -> 101 | B102: ADCL | C102: Planning & QS | E102: 45668 | F102: Sr.Engineer ( QS ) | H102: 45900 | I102: Mr. Subash | J102: Mr. Ravindra Varma | K102: ANY-109 | M102: APM Below | N102: =COUNTIFS('Profiles Tracker'!E:E,#REF!,'Profiles Tracker'!G:G,"Profile shared with Interviewer") -> 0 | O102: =COUNTIFS('Profiles Tracker'!E:E,#REF!,'Profiles Tracker'!G:G,"Shortlisted for next round of interview") -> 0 | P102: =COUNTIFS('Profiles Tracker'!E:E,#REF!,'Profiles Tracker'!G:G,P$1) -> 0 | Q102: =COUNTIFS('Profiles Tracker'!E:E,#REF!,'Profiles Tracker'!G:G,Q$1) -> 0 | R102: =COUNTIFS('Profiles Tracker'!E:E,#REF!,'Profiles Tracker'!G:G,R$1) -> 0 | S102: =COUNTIFS('Profiles Tracker'!E:E,#REF!,'Profiles Tracker'!G:G,"Interview Done",'Profiles Tracker'!O:O,"Rejected") -> 0 | T102: =COUNTIFS('Profiles Tracker'!E:E,#REF!,'Profiles Tracker'!G:G,T$1) -> 0 | U102: =N102+P102+Q102+R102+S102+T102 -> 0 | V102: =IF((G102-R102-Q102)<1,0,G102-R102-Q102) -> 0 | W102: =FLOOR(G102,1) -> 0 | X102: =FLOOR(W102,1) -> 0 | Y102: =X102*3 -> 0 | Z102: =IF(W102-SUM(Q102:R102)<1,0,W102-SUM(Q102:R102)) -> 0 | AA102: =IF(X102-SUM(P102:R102)<1,0,X102-SUM(P102:R102)) -> 0 | AB102: =IF(AA102*3-N102<1,0,AA102*3-N102) -> 0 | AC102: =IF(M102="APM Below",H102-45,IF(M102="APM & Above", H102-60,H102-90)) -> 45855 | AD102: =IFERROR(AC102-5,"NA") -> 45850 | AE102: =IFERROR(AD102-7,"NA") -> 45843 | AF102: =CEILING((AC102-TODAY())/7,1) -> -37 | AG102: =CEILING((AD102-TODAY())/7,1) -> -37 | AH102: =CEILING((AE102-TODAY())/7,1) -> -38 | AI102: =COUNTIFS('Profiles Tracker'!E:E,#REF!,'Profiles Tracker'!G:G,Q$1,'Profiles Tracker'!#REF!,"Week 14") -> #REF! | AJ102: =COUNTIFS('Profiles Tracker'!E:E,#REF!,'Profiles Tracker'!G:G,Q$1,'Profiles Tracker'!#REF!,"Week 15") -> #REF! | AK102: =COUNTIFS('Profiles Tracker'!E:E,#REF!,'Profiles Tracker'!G:G,Q$1,'Profiles Tracker'!#REF!,"Week 16") -> #REF! | AL102: =COUNTIFS('Profiles Tracker'!E:E,#REF!,'Profiles Tracker'!G:G,Q$1,'Profiles Tracker'!#REF!,"Week 17") -> #REF! | AM102: =COUNTIFS('Profiles Tracker'!E:E,#REF!,'Profiles Tracker'!G:G,Q$1,'Profiles Tracker'!#REF!,"Week 18") -> #REF!
A103: =ROW()-1 -> 102 | B103: ADCL | C103: Planning & QS | E103: 45668 | F103: Asst Engineer ( QS ) | H103: 45900 | I103: Mr. Subash | J103: Mr. Ravindra Varma | K103: ANY-110 | M103: APM Below | N103: =COUNTIFS('Profiles Tracker'!E:E,#REF!,'Profiles Tracker'!G:G,"Profile shared with Interviewer") -> 0 | O103: =COUNTIFS('Profiles Tracker'!E:E,#REF!,'Profiles Tracker'!G:G,"Shortlisted for next round of interview") -> 0 | P103: =COUNTIFS('Profiles Tracker'!E:E,#REF!,'Profiles Tracker'!G:G,P$1) -> 0 | Q103: =COUNTIFS('Profiles Tracker'!E:E,#REF!,'Profiles Tracker'!G:G,Q$1) -> 0 | R103: =COUNTIFS('Profiles Tracker'!E:E,#REF!,'Profiles Tracker'!G:G,R$1) -> 0 | S103: =COUNTIFS('Profiles Tracker'!E:E,#REF!,'Profiles Tracker'!G:G,"Interview Done",'Profiles Tracker'!O:O,"Rejected") -> 0 | T103: =COUNTIFS('Profiles Tracker'!E:E,#REF!,'Profiles Tracker'!G:G,T$1) -> 0 | U103: =N103+P103+Q103+R103+S103+T103 -> 0 | V103: =IF((G103-R103-Q103)<1,0,G103-R103-Q103) -> 0 | W103: =FLOOR(G103,1) -> 0 | X103: =FLOOR(W103,1) -> 0 | Y103: =X103*3 -> 0 | Z103: =IF(W103-SUM(Q103:R103)<1,0,W103-SUM(Q103:R103)) -> 0 | AA103: =IF(X103-SUM(P103:R103)<1,0,X103-SUM(P103:R103)) -> 0 | AB103: =IF(AA103*3-N103<1,0,AA103*3-N103) -> 0 | AC103: =IF(M103="APM Below",H103-45,IF(M103="APM & Above", H103-60,H103-90)) -> 45855 | AD103: =IFERROR(AC103-5,"NA") -> 45850 | AE103: =IFERROR(AD103-7,"NA") -> 45843 | AF103: =CEILING((AC103-TODAY())/7,1) -> -37 | AG103: =CEILING((AD103-TODAY())/7,1) -> -37 | AH103: =CEILING((AE103-TODAY())/7,1) -> -38 | AI103: =COUNTIFS('Profiles Tracker'!E:E,#REF!,'Profiles Tracker'!G:G,Q$1,'Profiles Tracker'!#REF!,"Week 14") -> #REF! | AJ103: =COUNTIFS('Profiles Tracker'!E:E,#REF!,'Profiles Tracker'!G:G,Q$1,'Profiles Tracker'!#REF!,"Week 15") -> #REF! | AK103: =COUNTIFS('Profiles Tracker'!E:E,#REF!,'Profiles Tracker'!G:G,Q$1,'Profiles Tracker'!#REF!,"Week 16") -> #REF! | AL103: =COUNTIFS('Profiles Tracker'!E:E,#REF!,'Profiles Tracker'!G:G,Q$1,'Profiles Tracker'!#REF!,"Week 17") -> #REF! | AM103: =COUNTIFS('Profiles Tracker'!E:E,#REF!,'Profiles Tracker'!G:G,Q$1,'Profiles Tracker'!#REF!,"Week 18") -> #REF!
A104: =ROW()-1 -> 103 | B104: ADCL | D104: GET | E104: 45668 | F104: GET | G104: 9 | H104: 45716 | I104: Mr. Ravindra Varma | J104: Mr. Ravindra Varma | K104: ANY-12 | M104: APM Below | N104: =COUNTIFS('Profiles Tracker'!E:E,#REF!,'Profiles Tracker'!G:G,"Profile shared with Interviewer") -> 0 | O104: =COUNTIFS('Profiles Tracker'!E:E,#REF!,'Profiles Tracker'!G:G,"Shortlisted for next round of interview") -> 0 | P104: =COUNTIFS('Profiles Tracker'!E:E,#REF!,'Profiles Tracker'!G:G,P$1) -> 0 | Q104: =COUNTIFS('Profiles Tracker'!E:E,#REF!,'Profiles Tracker'!G:G,Q$1) -> 0 | R104: =COUNTIFS('Profiles Tracker'!E:E,#REF!,'Profiles Tracker'!G:G,R$1) -> 0 | S104: =COUNTIFS('Profiles Tracker'!E:E,#REF!,'Profiles Tracker'!G:G,"Interview Done",'Profiles Tracker'!O:O,"Rejected") -> 0 | T104: =COUNTIFS('Profiles Tracker'!E:E,#REF!,'Profiles Tracker'!G:G,T$1) -> 0 | U104: =N104+P104+Q104+R104+S104+T104 -> 0 | V104: =IF((G104-R104-Q104)<1,0,G104-R104-Q104) -> 9 | W104: =FLOOR(G104,1) -> 9 | X104: =FLOOR(W104,1) -> 9 | Y104: =X104*3 -> 27 | Z104: =IF(W104-SUM(Q104:R104)<1,0,W104-SUM(Q104:R104)) -> 9 | AA104: =IF(X104-SUM(P104:R104)<1,0,X104-SUM(P104:R104)) -> 9 | AB104: =IF(AA104*3-N104<1,0,AA104*3-N104) -> 27 | AC104: =IF(M104="APM Below",H104-45,IF(M104="APM & Above", H104-60,H104-90)) -> 45671 | AD104: =IFERROR(AC104-5,"NA") -> 45666 | AE104: =IFERROR(AD104-7,"NA") -> 45659 | AF104: =CEILING((AC104-TODAY())/7,1) -> -63 | AG104: =CEILING((AD104-TODAY())/7,1) -> -64 | AH104: =CEILING((AE104-TODAY())/7,1) -> -65 | AI104: =COUNTIFS('Profiles Tracker'!E:E,#REF!,'Profiles Tracker'!G:G,Q$1,'Profiles Tracker'!#REF!,"Week 14") -> #REF! | AJ104: =COUNTIFS('Profiles Tracker'!E:E,#REF!,'Profiles Tracker'!G:G,Q$1,'Profiles Tracker'!#REF!,"Week 15") -> #REF! | AK104: =COUNTIFS('Profiles Tracker'!E:E,#REF!,'Profiles Tracker'!G:G,Q$1,'Profiles Tracker'!#REF!,"Week 16") -> #REF! | AL104: =COUNTIFS('Profiles Tracker'!E:E,#REF!,'Profiles Tracker'!G:G,Q$1,'Profiles Tracker'!#REF!,"Week 17") -> #REF! | AM104: =COUNTIFS('Profiles Tracker'!E:E,#REF!,'Profiles Tracker'!G:G,Q$1,'Profiles Tracker'!#REF!,"Week 18") -> #REF!
A105: =ROW()-1 -> 104 | B105: ADCL | D105: GET | E105: 45668 | F105: GET | G105: 3 | H105: 45716 | I105: Mr. Ravindra Varma | J105: Mr. Ravindra Varma | K105: ANY-22 | M105: APM Below | N105: =COUNTIFS('Profiles Tracker'!E:E,#REF!,'Profiles Tracker'!G:G,"Profile shared with Interviewer") -> 0 | O105: =COUNTIFS('Profiles Tracker'!E:E,#REF!,'Profiles Tracker'!G:G,"Shortlisted for next round of interview") -> 0 | P105: =COUNTIFS('Profiles Tracker'!E:E,#REF!,'Profiles Tracker'!G:G,P$1) -> 0 | Q105: =COUNTIFS('Profiles Tracker'!E:E,#REF!,'Profiles Tracker'!G:G,Q$1) -> 0 | R105: =COUNTIFS('Profiles Tracker'!E:E,#REF!,'Profiles Tracker'!G:G,R$1) -> 0 | S105: =COUNTIFS('Profiles Tracker'!E:E,#REF!,'Profiles Tracker'!G:G,"Interview Done",'Profiles Tracker'!O:O,"Rejected") -> 0 | T105: =COUNTIFS('Profiles Tracker'!E:E,#REF!,'Profiles Tracker'!G:G,T$1) -> 0 | U105: =N105+P105+Q105+R105+S105+T105 -> 0 | V105: =IF((G105-R105-Q105)<1,0,G105-R105-Q105) -> 3 | W105: =FLOOR(G105,1) -> 3 | X105: =FLOOR(W105,1) -> 3 | Y105: =X105*3 -> 9 | Z105: =IF(W105-SUM(Q105:R105)<1,0,W105-SUM(Q105:R105)) -> 3 | AA105: =IF(X105-SUM(P105:R105)<1,0,X105-SUM(P105:R105)) -> 3 | AB105: =IF(AA105*3-N105<1,0,AA105*3-N105) -> 9 | AC105: =IF(M105="APM Below",H105-45,IF(M105="APM & Above", H105-60,H105-90)) -> 45671 | AD105: =IFERROR(AC105-5,"NA") -> 45666 | AE105: =IFERROR(AD105-7,"NA") -> 45659 | AF105: =CEILING((AC105-TODAY())/7,1) -> -63 | AG105: =CEILING((AD105-TODAY())/7,1) -> -64 | AH105: =CEILING((AE105-TODAY())/7,1) -> -65 | AI105: =COUNTIFS('Profiles Tracker'!E:E,#REF!,'Profiles Tracker'!G:G,Q$1,'Profiles Tracker'!#REF!,"Week 14") -> #REF! | AJ105: =COUNTIFS('Profiles Tracker'!E:E,#REF!,'Profiles Tracker'!G:G,Q$1,'Profiles Tracker'!#REF!,"Week 15") -> #REF! | AK105: =COUNTIFS('Profiles Tracker'!E:E,#REF!,'Profiles Tracker'!G:G,Q$1,'Profiles Tracker'!#REF!,"Week 16") -> #REF! | AL105: =COUNTIFS('Profiles Tracker'!E:E,#REF!,'Profiles Tracker'!G:G,Q$1,'Profiles Tracker'!#REF!,"Week 17") -> #REF! | AM105: =COUNTIFS('Profiles Tracker'!E:E,#REF!,'Profiles Tracker'!G:G,Q$1,'Profiles Tracker'!#REF!,"Week 18") -> #REF!
A106: =ROW()-1 -> 105 | B106: ADCL | D106: GET | E106: 45668 | F106: GET | G106: 3 | H106: 45747 | I106: Mr. Ravindra Varma | J106: Mr. Ravindra Varma | K106: ANY-55 | M106: APM Below | N106: =COUNTIFS('Profiles Tracker'!E:E,#REF!,'Profiles Tracker'!G:G,"Profile shared with Interviewer") -> 0 | O106: =COUNTIFS('Profiles Tracker'!E:E,#REF!,'Profiles Tracker'!G:G,"Shortlisted for next round of interview") -> 0 | P106: =COUNTIFS('Profiles Tracker'!E:E,#REF!,'Profiles Tracker'!G:G,P$1) -> 0 | Q106: =COUNTIFS('Profiles Tracker'!E:E,#REF!,'Profiles Tracker'!G:G,Q$1) -> 0 | R106: =COUNTIFS('Profiles Tracker'!E:E,#REF!,'Profiles Tracker'!G:G,R$1) -> 0 | S106: =COUNTIFS('Profiles Tracker'!E:E,#REF!,'Profiles Tracker'!G:G,"Interview Done",'Profiles Tracker'!O:O,"Rejected") -> 0 | T106: =COUNTIFS('Profiles Tracker'!E:E,#REF!,'Profiles Tracker'!G:G,T$1) -> 0 | U106: =N106+P106+Q106+R106+S106+T106 -> 0 | V106: =IF((G106-R106-Q106)<1,0,G106-R106-Q106) -> 3 | W106: =FLOOR(G106,1) -> 3 | X106: =FLOOR(W106,1) -> 3 | Y106: =X106*3 -> 9 | Z106: =IF(W106-SUM(Q106:R106)<1,0,W106-SUM(Q106:R106)) -> 3 | AA106: =IF(X106-SUM(P106:R106)<1,0,X106-SUM(P106:R106)) -> 3 | AB106: =IF(AA106*3-N106<1,0,AA106*3-N106) -> 9 | AC106: =IF(M106="APM Below",H106-45,IF(M106="APM & Above", H106-60,H106-90)) -> 45702 | AD106: =IFERROR(AC106-5,"NA") -> 45697 | AE106: =IFERROR(AD106-7,"NA") -> 45690 | AF106: =CEILING((AC106-TODAY())/7,1) -> -59 | AG106: =CEILING((AD106-TODAY())/7,1) -> -59 | AH106: =CEILING((AE106-TODAY())/7,1) -> -60 | AI106: =COUNTIFS('Profiles Tracker'!E:E,#REF!,'Profiles Tracker'!G:G,Q$1,'Profiles Tracker'!#REF!,"Week 14") -> #REF! | AJ106: =COUNTIFS('Profiles Tracker'!E:E,#REF!,'Profiles Tracker'!G:G,Q$1,'Profiles Tracker'!#REF!,"Week 15") -> #REF! | AK106: =COUNTIFS('Profiles Tracker'!E:E,#REF!,'Profiles Tracker'!G:G,Q$1,'Profiles Tracker'!#REF!,"Week 16") -> #REF! | AL106: =COUNTIFS('Profiles Tracker'!E:E,#REF!,'Profiles Tracker'!G:G,Q$1,'Profiles Tracker'!#REF!,"Week 17") -> #REF! | AM106: =COUNTIFS('Profiles Tracker'!E:E,#REF!,'Profiles Tracker'!G:G,Q$1,'Profiles Tracker'!#REF!,"Week 18") -> #REF!
A107: =ROW()-1 -> 106 | B107: ADCL | D107: GET | E107: 45668 | F107: GET | G107: 15 | H107: 45777 | I107: Mr. Ravindra Varma | J107: Mr. Ravindra Varma | K107: ANY-80 | M107: APM Below | N107: =COUNTIFS('Profiles Tracker'!E:E,#REF!,'Profiles Tracker'!G:G,"Profile shared with Interviewer") -> 0 | O107: =COUNTIFS('Profiles Tracker'!E:E,#REF!,'Profiles Tracker'!G:G,"Shortlisted for next round of interview") -> 0 | P107: =COUNTIFS('Profiles Tracker'!E:E,#REF!,'Profiles Tracker'!G:G,P$1) -> 0 | Q107: =COUNTIFS('Profiles Tracker'!E:E,#REF!,'Profiles Tracker'!G:G,Q$1) -> 0 | R107: =COUNTIFS('Profiles Tracker'!E:E,#REF!,'Profiles Tracker'!G:G,R$1) -> 0 | S107: =COUNTIFS('Profiles Tracker'!E:E,#REF!,'Profiles Tracker'!G:G,"Interview Done",'Profiles Tracker'!O:O,"Rejected") -> 0 | T107: =COUNTIFS('Profiles Tracker'!E:E,#REF!,'Profiles Tracker'!G:G,T$1) -> 0 | U107: =N107+P107+Q107+R107+S107+T107 -> 0 | V107: =IF((G107-R107-Q107)<1,0,G107-R107-Q107) -> 15 | W107: =FLOOR(G107,1) -> 15 | X107: =FLOOR(W107,1) -> 15 | Y107: =X107*3 -> 45 | Z107: =IF(W107-SUM(Q107:R107)<1,0,W107-SUM(Q107:R107)) -> 15 | AA107: =IF(X107-SUM(P107:R107)<1,0,X107-SUM(P107:R107)) -> 15 | AB107: =IF(AA107*3-N107<1,0,AA107*3-N107) -> 45 | AC107: =IF(M107="APM Below",H107-45,IF(M107="APM & Above", H107-60,H107-90)) -> 45732 | AD107: =IFERROR(AC107-5,"NA") -> 45727 | AE107: =IFERROR(AD107-7,"NA") -> 45720 | AF107: =CEILING((AC107-TODAY())/7,1) -> -54 | AG107: =CEILING((AD107-TODAY())/7,1) -> -55 | AH107: =CEILING((AE107-TODAY())/7,1) -> -56 | AI107: =COUNTIFS('Profiles Tracker'!E:E,#REF!,'Profiles Tracker'!G:G,Q$1,'Profiles Tracker'!#REF!,"Week 14") -> #REF! | AJ107: =COUNTIFS('Profiles Tracker'!E:E,#REF!,'Profiles Tracker'!G:G,Q$1,'Profiles Tracker'!#REF!,"Week 15") -> #REF! | AK107: =COUNTIFS('Profiles Tracker'!E:E,#REF!,'Profiles Tracker'!G:G,Q$1,'Profiles Tracker'!#REF!,"Week 16") -> #REF! | AL107: =COUNTIFS('Profiles Tracker'!E:E,#REF!,'Profiles Tracker'!G:G,Q$1,'Profiles Tracker'!#REF!,"Week 17") -> #REF! | AM107: =COUNTIFS('Profiles Tracker'!E:E,#REF!,'Profiles Tracker'!G:G,Q$1,'Profiles Tracker'!#REF!,"Week 18") -> #REF!
A108: =ROW()-1 -> 107 | B108: ADCL | D108: GET | E108: 45668 | F108: GET | G108: 15 | H108: 45900 | I108: Mr. Ravindra Varma | J108: Mr. Ravindra Varma | K108: ANY-103 | M108: APM Below | N108: =COUNTIFS('Profiles Tracker'!E:E,#REF!,'Profiles Tracker'!G:G,"Profile shared with Interviewer") -> 0 | O108: =COUNTIFS('Profiles Tracker'!E:E,#REF!,'Profiles Tracker'!G:G,"Shortlisted for next round of interview") -> 0 | P108: =COUNTIFS('Profiles Tracker'!E:E,#REF!,'Profiles Tracker'!G:G,P$1) -> 0 | Q108: =COUNTIFS('Profiles Tracker'!E:E,#REF!,'Profiles Tracker'!G:G,Q$1) -> 0 | R108: =COUNTIFS('Profiles Tracker'!E:E,#REF!,'Profiles Tracker'!G:G,R$1) -> 0 | S108: =COUNTIFS('Profiles Tracker'!E:E,#REF!,'Profiles Tracker'!G:G,"Interview Done",'Profiles Tracker'!O:O,"Rejected") -> 0 | T108: =COUNTIFS('Profiles Tracker'!E:E,#REF!,'Profiles Tracker'!G:G,T$1) -> 0 | U108: =N108+P108+Q108+R108+S108+T108 -> 0 | V108: =IF((G108-R108-Q108)<1,0,G108-R108-Q108) -> 15 | W108: =FLOOR(G108,1) -> 15 | X108: =FLOOR(W108,1) -> 15 | Y108: =X108*3 -> 45 | Z108: =IF(W108-SUM(Q108:R108)<1,0,W108-SUM(Q108:R108)) -> 15 | AA108: =IF(X108-SUM(P108:R108)<1,0,X108-SUM(P108:R108)) -> 15 | AB108: =IF(AA108*3-N108<1,0,AA108*3-N108) -> 45 | AC108: =IF(M108="APM Below",H108-45,IF(M108="APM & Above", H108-60,H108-90)) -> 45855 | AD108: =IFERROR(AC108-5,"NA") -> 45850 | AE108: =IFERROR(AD108-7,"NA") -> 45843 | AF108: =CEILING((AC108-TODAY())/7,1) -> -37 | AG108: =CEILING((AD108-TODAY())/7,1) -> -37 | AH108: =CEILING((AE108-TODAY())/7,1) -> -38 | AI108: =COUNTIFS('Profiles Tracker'!E:E,#REF!,'Profiles Tracker'!G:G,Q$1,'Profiles Tracker'!#REF!,"Week 14") -> #REF! | AJ108: =COUNTIFS('Profiles Tracker'!E:E,#REF!,'Profiles Tracker'!G:G,Q$1,'Profiles Tracker'!#REF!,"Week 15") -> #REF! | AK108: =COUNTIFS('Profiles Tracker'!E:E,#REF!,'Profiles Tracker'!G:G,Q$1,'Profiles Tracker'!#REF!,"Week 16") -> #REF! | AL108: =COUNTIFS('Profiles Tracker'!E:E,#REF!,'Profiles Tracker'!G:G,Q$1,'Profiles Tracker'!#REF!,"Week 17") -> #REF! | AM108: =COUNTIFS('Profiles Tracker'!E:E,#REF!,'Profiles Tracker'!G:G,Q$1,'Profiles Tracker'!#REF!,"Week 18") -> #REF!
